TargetID,WGAAD-144,WGAAD-148,WGAAD-15,WGAAD-156,WGAAD-158,WGAAD-165,WGAAD-166,WGAAD-171,WGAAD-175,WGAAD-178,WGAAD-179,WGAAD-18,WGAAD-184,WGAAD-186,WGAAD-187,WGAAD-188,WGAAD-189,WGAAD-190,WGAAD-191,WGAAD-192,WGAAD-193,WGAAD-194,WGAAD-195,WGAAD-196,WGAAD-199,WGAAD-20,WGAAD-200,WGAAD-201,WGAAD-202,WGAAD-230,WGAAD-231,WGAAD-232,WGAAD-234,WGAAD-236,WGAAD-237,WGAAD-238,WGAAD-239,WGAAD-24,WGAAD-242,WGAAD-243
GI_10047091-S,4076.1,3296,4868.8,4097.8,5481.3,4790.9,1182.8,1246.5,2103.1,2741.2,3223.9,3878.1,7223.1,4705.5,3123.7,3516.9,1302.6,674.3,1357.3,2087.3,1819.8,4343.8,3429.6,4241.5,3238.7,4946.8,4331.6,2826.9,5043.1,5041.8,4287.5,3314.3,2175.1,2986.2,5867.4,4643.7,3986.6,4917.5,2750.4,2367.7
GI_10047093-S,73.9,83.6,68.9,78,83.5,69.9,80.2,65.5,82.3,70,111.5,85.6,134,123.9,52.7,64,89.5,NaN,79.9,87.5,NaN,104.3,59.1,105.7,87.7,75.5,70.5,87.9,89.2,98.9,108.7,88,98.4,77.4,105.7,99.7,94.3,84.1,80.6,71.5
GI_10047103-S,1088,1091.5,1462.5,1414.7,1250.5,1114.4,955,1035.7,1226.2,1274.9,1120.9,1254.5,961,986.7,1134.5,1182.2,1357.9,1323.9,1006.2,1097.6,1305.3,1043.8,1127.3,1626.5,1120.2,1245.5,1108.2,963.7,1063.1,892.5,1029.4,1089.8,1011.8,1244.9,1105.1,1307.9,1166.7,1373.1,983.9,1469.6
GI_10047133-A,116.5,142.1,119.8,83.6,118.5,113.3,74.1,61.8,36.1,66.7,108.2,109.7,137.2,130.7,58.4,94.3,NaN,NaN,51.7,64,NaN,89.3,75.6,51.7,109.6,98.7,88.3,73.8,100.3,105.7,83.8,99.9,144.6,55.9,97.8,87.5,110,133.5,64.1,67.8
GI_10092596-S,263.3,196.7,253.6,214.3,109.5,209.6,170.2,176.9,159.7,223.5,177.2,234.1,312,185.8,198,265.7,178.2,227.8,137.3,192.9,147.1,200.6,205.2,182,139,238.1,233,217.6,183.2,225.4,161.7,183.3,163.1,220.7,202.4,239.6,203.4,201.6,150.7,207.4
GI_10092600-S,339.9,819.3,534.6,545.6,468.8,509.7,600.1,528.1,785.5,473.4,448.8,580.7,1351.4,550.4,564.6,800.4,627.8,452.9,638,635,492.6,508.7,593.2,576,510.2,513.3,549.1,463.8,560.6,384,495.2,726.4,898.1,977,682.8,839.3,723.5,509.2,530.7,963.2
GI_10092616-S,171.9,220.3,183.4,121.2,82.7,169.5,145.9,133.6,157.1,138,187.1,153.6,170.6,152.4,122.4,206.8,144.5,160.8,219,226.7,212.8,193.1,120.5,189.7,237.6,159,170.3,124.7,143.8,121.4,89.7,93.4,165.1,145.3,56.5,100.1,120,126.9,144.5,110
GI_10092618-S,1311.3,1264.9,1666.5,1122.8,728.9,868.5,1437,1153.4,1100.7,1435.6,748.6,1274.6,396.3,836.9,1228.8,1774.7,1518.6,1905.3,1361.2,1774.1,1418.6,622.4,916.4,698,745.9,942.9,1203.9,1408.1,1043.5,883.5,1053.1,1666.4,1041,1544.1,1150.8,1095.6,986.5,986.7,1861.6,1566.1
GI_10092672-S,315.4,181.9,229,225.2,400.3,227,138.9,156,151,162.2,175.6,190.8,178.4,271.4,167.6,180.1,188.7,252.7,122.4,170.7,172.3,183.7,186.4,205.2,179,158.8,192.6,171.5,214.2,232.3,223.1,184.2,172.5,201.5,268.6,268.1,207.1,234.9,154.7,183
GI_10190705-S,139.4,169.7,139.3,97.4,129.2,121.8,203.6,136.2,170.3,164.1,159.9,150.7,164.8,156.8,117.4,189.8,259.6,111.7,151.5,176,136,144.1,150.6,115.8,137.5,131.3,167.4,188.1,103,115.8,193.5,206.7,220.7,199.1,161.1,174,168.1,121.7,228.5,193.5
GI_10190745-S,55.2,NaN,NaN,49.4,77,28.8,36.9,24.9,50.4,63.8,73.9,69.4,73.6,137.1,54.7,52.8,NaN,NaN,80.7,36.9,NaN,43.6,48.7,51.5,65.5,NaN,36.9,62.9,71.7,66.8,74.9,51.1,76.4,48.4,61.2,54.4,56.4,86.2,95,65.2
GI_10257436-S,233.2,535,307.8,385.8,253,435.6,824.1,490.8,959,434.9,296.1,449.1,412.4,187.9,503.2,462.7,470.5,885.5,951.6,551.1,959.5,566.1,606,722.6,367.1,676.8,292.2,696,584,235.4,237,607.7,420.8,353.7,132.7,325.2,346.7,423.8,453.9,420.7
GI_10337596-S,2183.2,3857.5,5432.6,3734,1594.9,3192,2970.5,2566.8,4421.5,3792.2,2707.6,4212.5,4660.4,866.4,3177.3,5266.8,3541.2,1901.4,3442.4,3701.1,4042.2,3105,3892.4,4583.8,2802.7,4887.8,4054.5,3186.5,3004.6,2112,2338.6,2321.9,2316.1,3555.7,3346,3784.9,3345.2,3817.4,2994.4,4608.8
GI_10346134-S,71.5,101.1,86.1,103.6,166.2,109.4,146.5,163.4,69.7,116.4,190.3,126.3,129.7,284.1,86.8,76.2,69.5,103.3,129.8,112.4,93.8,120.7,75.9,110.2,123.9,67.8,82.9,124.5,102.3,131.3,156.2,127,212.8,69.9,111.5,106.2,110.3,97.8,125.4,101.6
GI_10440565-S,133.3,114.2,124,162.8,148.3,183.8,71.7,139.6,152.3,153.1,109.9,127.6,231.7,133.7,205.7,206.9,188.8,75.1,117.9,164.9,119.3,157.8,267,176.8,128.3,202.9,202.1,198.5,187.4,158.2,197.7,129,120.8,114.7,128.8,142.9,170.4,120.3,180.8,101.5
GI_10442821-S,49.3,NaN,NaN,NaN,99.5,49.1,35.9,49.1,46.5,65.1,87.5,63.1,53,133.8,NaN,65.4,62.7,NaN,71.9,59.8,NaN,47.8,53.8,50.4,60.9,NaN,32.8,69.3,56.3,80.2,62.2,75.5,112.3,40.2,86.2,65.2,93.9,77,97,65.3
GI_10518496-S,69,123.3,54.5,82.4,155.3,84.7,82.8,53.7,69.8,132.1,71.6,139.7,62.7,87.5,154.4,95.2,161,143.5,130.6,105.9,109.8,61.6,150.7,90.3,65.7,NaN,79.6,119.5,93.1,86.5,137.5,131,182.6,165.4,89.8,132.5,121.4,127.2,167.6,194
GI_10518498-S,297.8,291.8,749.7,435.9,244.9,280.5,414.8,263.8,345.5,469.2,399.9,448.7,332.1,216,669.6,489.9,433.9,747.7,304.7,371.7,372.9,258.1,389.6,344.5,282.7,457.1,499.1,366,332,280.4,262.6,304.5,335.2,487.9,286.8,369.6,357.7,328.2,323,511.5
GI_10518499-S,374.6,165.2,182.1,151.9,98.8,172.9,404.4,796.3,168.7,275.7,938.4,205,110.5,201.4,159.1,127.2,382.5,375.8,325,564.6,338.5,326.6,205.1,274,432.4,288.6,199.2,374.2,212.7,138.3,370.2,553.1,202.6,128.9,50.6,119.2,200.4,279.7,474,229.8
GI_10518505-A,56.9,NaN,63.3,62.9,64.6,51.8,47.9,36,38.1,47.9,24.7,NaN,41.5,59.4,47.6,41.5,NaN,NaN,67.7,NaN,54.8,50.6,39.1,67,36.5,NaN,33.8,60.1,57.6,46.1,42,51.4,NaN,44.2,38,NaN,34.4,NaN,38.5,NaN
GI_10518505-I,22.3,NaN,59,42.9,27,35.2,36.4,37.7,48.8,52.2,31.5,NaN,33.4,17.3,80.5,46.6,106.4,NaN,92.6,39.6,75.8,NaN,37.9,31.5,44.1,NaN,25.8,67.1,39.9,17.7,28.1,49.1,42.6,42.2,21.7,28.6,28.3,NaN,42.7,61
GI_10567815-I,667.9,1934.4,1848.6,1356.9,913.9,1670.4,1171.1,1118.3,1758.7,1407.6,1434,1451.1,3450.3,812.9,1315.1,2308.6,1112,587.9,1611.3,1411.1,1082.5,1845.5,1741,1947.9,1622.3,2144.4,2178.1,1263,1029.3,673.9,985.5,907.7,1043.7,910.7,1079.1,1084,1155.4,1648.8,875.7,1304.8
GI_10800147-S,978.5,1798.1,3372.5,1577.8,510,1122.4,2929.1,2037.1,1816.4,1311,808.9,1517.4,907.8,267.1,1000.6,1975.2,1742.5,1441.8,1463.4,1997.1,1410.9,1380.9,1261.3,1056.3,1533.5,1692.6,1927.5,1375.9,919.4,262,698.1,1837.2,1318.2,782.7,953.1,1300.9,1174.2,2088.9,653.8,3075
GI_10800411-S,1119.2,977.6,1856.4,1447.5,1004.3,1154.1,798.9,728.4,918.1,1238.1,1234.7,1631.6,1336.2,765.2,1441.8,1138.9,917.2,649.5,815.9,995.9,1044.2,1167.5,1172.1,1213.3,1064.2,1898.4,1353,1189.2,1108.9,913.7,959.8,785.4,663.6,899.7,1043.3,1029.5,953.2,1328.8,924.6,1098.9
GI_10800413-S,211.8,184.7,124.9,192.1,290.2,241.7,192.5,236.3,187.7,286.8,292.8,172.5,207,380.3,120.4,139.4,181.9,141.8,198.3,144.5,151.8,293.9,164.2,357.1,379.1,128.2,229.1,151,148.3,336.5,281.7,242.8,222.9,225.4,213.1,191.3,247.8,216.6,250,193.6
GI_10800414-S,980.9,571.3,463,520.1,643.6,636.8,500,409.1,424.3,505,536.2,468.5,732.7,927.2,367.7,428.9,377.4,312.9,523.4,392.2,514.2,879,359,579.4,806.3,441.1,559.7,423.5,611.3,888.1,653,440.2,432.7,509.8,754.5,602.2,606.4,661,614.1,540.7
GI_10800415-S,733.2,190.5,181.9,358.1,588.1,396.7,131.4,133.8,106.4,158.3,491.4,176.6,740,765.9,188.2,208.7,150.3,NaN,168.6,152.9,108.8,470.8,195.8,289.1,460.3,215.7,281,166.5,371.1,580.3,365.8,229.9,147.8,246.9,694.6,334.1,329.7,305.4,216.8,115.5
GI_10800416-S,79.1,62.4,91.4,64.9,46.7,43.3,91.8,55.4,83.5,42.3,60.5,84.3,93.4,45,64.7,86.5,71,NaN,75.6,64.2,77.3,73.6,56,45.3,61,80.8,60.4,59.9,55.1,61,60.2,84.9,86,99.6,73.9,55.2,64.3,72,80.2,85.6
GI_10800418-S,8272.1,6050.6,8228.6,9426.2,6148.2,6050.8,1533.8,1228.7,2161.5,7133.5,3914.8,9608.4,5390.1,4767.7,3855.6,6964.5,3967.9,1667.1,1098.8,3852.7,3087.5,3339,5524.2,5549.2,3523.2,7296,8787,2749.2,5122.4,5877.6,4906.9,3877.8,2818.2,6572.6,11482.4,11937.8,6683.1,8115.6,3525.3,11568.6
GI_10801344-S,1507.5,830.3,1240.7,884.4,693.2,908.2,955.8,946.1,1062.5,926.2,970.8,927.7,1513.9,1039.8,939.6,917.9,604.3,839.9,1013,837.6,1006.5,1021.3,776.9,843.4,867.4,1069.3,939,1014.5,934.1,1396.8,895.1,1211.7,1114.4,1129.4,944.6,847.2,762.5,935.9,1188.8,542.7
GI_10834965-S,182.4,151.7,157.1,201.3,192,170.6,209.3,214.8,198.6,193.9,172.3,166.9,103.4,167,175.7,161.6,201.1,326.4,159.8,130.3,156.9,170.2,185.9,172.2,146.1,158.2,162.1,194.1,181.3,173.3,170.1,153.6,141.6,195,172.3,181.6,152.8,184.6,206,187.8
GI_10834989-A,45.9,270.8,131.2,140.1,61.1,152.8,240.7,134.3,256.3,135.9,116.8,116,226.7,44.4,196.2,300.8,241.6,141.2,242.5,204.3,223.9,195,219.7,234.8,167.2,152,189.9,146.3,103.8,52.3,106.1,179,197.4,200.6,103.4,117.2,132.7,NaN,133,237.4
GI_10835001-S,1032.9,1194.1,2288.6,1432.1,939.6,1571.1,1624.5,2187,1338.1,2047.8,1487.2,1403.1,437.7,971,1426.3,1273,1567.4,1528,1713.5,1503,1598.6,937,1340.1,1294.5,1128.6,976.6,697,1505.1,1100,1143.2,1313.5,1352.4,933.4,810.7,567.6,738.9,914.5,1421,1457.6,1419.8
GI_10835009-S,104.5,63.8,109.3,71.6,58.1,86.6,152.4,138.5,132.7,119.1,95.5,71.6,60.2,97.5,85.9,110.4,115.1,193.2,179.4,143.9,136.6,119.7,86.1,136.1,115.2,98.2,94.9,162.4,109,109.3,90.7,95,66.9,71.2,53.8,58.8,84.7,79.4,173.8,76.9
GI_10835020-S,815.1,255.9,616.3,343.8,287.5,429.1,238.2,429.4,269.2,346.8,395.1,468.6,276.3,409.2,292.2,311.3,374.5,363.2,288.2,361.4,338.9,235.9,297.7,326.8,396.9,353.5,332.6,264.3,348,325.3,634.7,585.7,178.6,779.4,281.7,224.7,438.1,377.8,1193.1,476.1
GI_10835022-S,807.2,576.3,553.9,882.6,1257.8,1008.3,269.2,498.7,400.8,830.2,889.3,643.4,852.9,1352.3,611.7,638.9,920.2,488.6,282.1,593.1,465.5,821.8,861.5,718.7,711.6,737.3,746.4,568.4,928.3,900.1,1019.8,652.2,488.5,762.2,1249.4,1077.9,906.1,970,656.9,673.6
GI_10835024-S,2594.9,2566.1,2409.7,2325.7,2475.9,2710,1827.8,1801,1886,1624.2,1785,2318.5,2534.7,2068.2,1887.7,2188.9,1762.8,1462.2,1705.5,1924,1767.8,2347.8,1931.4,2421.2,1935.6,2386.2,2268.6,2140.8,2332,2260,2037.8,1648.8,1835.6,2373.3,2626.8,2174.5,2000.4,2446.6,2047.2,1674.6
GI_10835046-S,208.1,174.4,138.9,204.1,408.7,227.9,302.9,220.6,180.2,350.4,277.8,201.3,172.5,409.2,211.2,195.5,286,195.1,264.2,195.3,234.2,229.9,199.7,329.9,265.6,172.6,197,214.3,253,269.8,322.9,271.8,396.6,298.2,214.7,192.3,269.3,324.3,425.1,145.5
GI_10835048-S,956.9,912,809.4,859.6,893.1,896.5,1504.9,1174.5,1092.1,1112.8,959.6,872.5,848.1,850.2,873,848.3,941.9,1430.8,1282.6,1057.7,1205.6,1013,935.4,1260.6,944,748.9,679.8,1106.2,817,874.4,858.4,965.5,1014.7,1178,541.6,693.1,864,825.9,1359.5,786.9
GI_10835070-S,823.8,1084,2987.3,1195.1,958.3,1355.7,1817.6,2086.8,961.5,2098.3,1952.4,1738.3,169.5,876.6,861.2,1394.8,1182.5,939.2,2114.6,1707.6,1524.9,1181.4,912.2,938.3,894.7,1314.7,627.9,2039.3,851.6,1232.3,1077.3,864.5,864.8,470.1,598.2,691.1,727.6,1408.7,1773.4,828.3
GI_10835084-S,2616.9,3995.7,3926.6,3243.2,919.1,1523.4,4179.1,3649.6,3688.4,3605.1,2518.5,3471.1,1356.2,2803.9,5218.7,4155.1,2498.8,3004.7,3706.3,3963,5263.1,1877.8,2767.1,1821,1081.5,3861.7,3419.7,4107.1,2815.7,2958.5,2003.3,3523.6,3595.3,1636.8,1224.3,3119,1707.7,1816,4290.2,2541.2
GI_10835100-S,212.7,209.9,211.1,212.9,183,136.1,136.3,151,163.3,252.3,162.2,291,258.2,213.1,233.2,254.4,277.4,230.9,209.1,237.3,147.1,125.4,202.4,95.2,115,277.7,180.7,251,258.7,208.6,266.5,213.3,214.3,274.4,208.2,291.6,224.4,183.8,197.5,202
GI_10835118-S,163.7,98,189.8,152.9,193.4,122.7,119.4,156.9,102.6,110.7,162.5,80.8,172.6,192.3,125.1,117.6,158.3,151.6,95.6,128.3,80.6,145,103.4,91.4,157.7,121.6,180.9,104.2,150.9,146,133.3,139.1,135.5,132.7,116.9,123.9,157.9,118.1,123.3,116.5
GI_10835168-S,966.9,1470.6,986.4,1166.4,850.4,1211.3,944.2,792.6,941.4,970.8,881.1,1164.3,717.8,736.2,706.9,967.7,697.9,849.1,1137.7,1012,918.3,980.2,1033.9,1270.7,1207.9,936.4,1118.6,927.9,858.7,835.1,649.6,1047.7,1082.9,603.5,911.1,1002.6,929.6,1105.7,794,1206.7
GI_10835174-S,991.6,1248.2,1694.3,1190.1,460,961.7,1071.2,940,1589.8,1240.6,692,1120.3,899.6,354.2,1224.9,1727.4,1179.4,1177.2,1003.6,1053.6,1320.6,889.8,1279.3,1210.4,824.3,1496,1247.4,1056.4,1056.9,503.1,564.8,752.8,851.5,1007,1158.5,1589.8,1090.8,1266.8,698.1,1843.3
GI_10835186-S,72,76.4,163.1,180.6,76.6,75.5,104.2,187.7,85.1,92.1,347.8,105.1,36.4,117.3,69.8,111.4,125.6,180.3,74.9,147.1,115.7,47.7,52.3,56.1,103.2,NaN,57.1,70.3,67.9,74.5,225.5,145.6,73.6,138.1,55.5,59,84.2,108.5,275.5,NaN
GI_10835229-S,961.2,2098.3,1063.2,2521,633.2,969.4,1916.3,2999.5,1524.5,2083.6,1132.5,1562.1,626.1,1639.1,4165.1,2359.7,927.4,633.1,1624.8,1324.2,4296.9,2275.3,2439.2,1534.7,329.8,2267,1977.5,2034,1814.9,2439.7,1139.5,1221.5,1643.9,748.3,455.1,3118.5,1068.5,578.5,2535.8,1204.6
GI_10862690-S,258.2,218,213.1,164.7,166.5,197.2,301.2,250.2,200.3,331.4,200.1,191.3,107.2,219.3,273.7,236.1,323.8,385.6,310.3,300.1,283.8,224.6,255.3,226.4,242.5,203.8,310.8,297.4,217.4,259.7,249.5,328.9,207.5,298.7,184.1,185.8,249.3,189.4,360.2,399.8
GI_10862697-S,41.8,199.8,164.5,178.4,40.1,91.3,270.6,187.6,331.1,176.5,130.9,189.2,133.4,15,167.4,289.6,303.3,209.8,201.4,193.8,149.6,95.1,129.6,155.3,120.6,117.3,105.8,121.1,98,31,66.4,270.6,280.7,240.9,77.7,156.1,172.7,126.8,98.8,311.8
GI_10863870-S,85.6,97.4,74.9,63.8,31.2,84.6,148.6,48.7,126.4,111.6,43.3,80.1,54.3,30.1,81.7,91.3,97,148.7,132.5,157.4,152.2,70,94.4,60.9,51.7,139.2,58.8,107.1,110.6,46.4,65.7,69.3,83.1,62.3,30.4,49.7,51.6,95.6,71,NaN
GI_10863874-S,12523.2,13049.8,16445.7,13634.4,10166.7,11364.6,19216.7,17880.1,19489.2,13957.7,10621.7,13409.9,11505.5,9044.5,14460.1,17907.2,19110.7,25981.2,20174.5,15478.5,21990.5,11356.6,12624.5,18745.8,11065.9,14026.9,8849.2,16128.5,14905.6,7612.7,10891.4,16951.3,12895.4,18494.9,7516.9,8373.1,9640.1,13832.8,15661.5,11438.6
GI_10863878-S,158.2,166.4,249.3,124.8,243.8,146.4,107.2,120.5,122.4,111.2,134.7,396.5,160.4,143,280,150,274.4,323.2,168.6,167.4,299.3,86.1,217.2,100.5,84.8,205,159.8,160.7,238.8,156.6,155.4,327.9,156.8,299.1,175.4,225.8,171.1,136.2,139.1,213.3
GI_10863902-S,213.2,174.5,156.6,220.2,366.5,245.1,256.1,232,232.3,265.9,288.8,213.5,214.8,418.9,239.8,192.5,262.7,276.3,239.4,203.6,218.9,236.4,188.5,224.4,248.4,142.6,169,205.3,225.5,241.9,279.2,239,317,294.8,221.5,220.4,226.4,216.1,350.9,116.7
GI_10863908-S,521.8,248,170.8,226.1,316.8,337.9,116.8,112.2,120,89.6,264.1,168.3,549.8,459,127.9,223.5,61.8,NaN,72.3,133.1,66.4,322.3,161.9,244.6,304.8,212,207.8,186.9,320.5,385,291.6,126.4,196.6,317.2,275.7,276.4,222.9,187.7,484.2,95
GI_10863934-S,3366.8,1661.9,2212.3,1546.1,5322.1,2334.6,656,604.4,714.4,1083.5,3067.3,2052.1,4225.6,5312.1,1119.4,1351.1,523.3,336.3,543.1,1031.3,905.2,3228.8,1375.5,1765.8,2479.3,2062.4,1774.7,1239.4,3189,4348.2,3022,1257.4,1466.4,1688.2,4025.3,2864.2,2762.4,2455.4,1640.8,851.6
GI_10863946-S,198.5,196.2,147.9,185.9,288.5,214.7,182.6,166,153,288.8,255.1,277.8,194.6,322.9,183.9,203.5,230.4,180.9,235.1,191.5,173.3,222.6,216,255.4,211.7,151.4,205,213.3,195.8,304.8,274.7,237.5,239.3,240.9,263.6,229.9,259.6,237.8,319.6,196.6
GI_10863950-S,132.9,64,111.4,115.1,160.3,124.2,39.8,93.2,122,128.5,89.7,81.2,104.7,159.4,152.1,141.4,197.7,103.6,62.4,113,121,110.7,137.3,108.1,96.4,141.5,95.3,125.8,131.4,108.6,136.9,87.2,48.7,132,165.2,187.3,136.5,126.3,115.9,138.9
GI_10863972-S,148.8,79.5,1166.2,197.5,25.5,311.7,139.3,577.8,199.1,64.6,710.9,462.5,33.1,192.8,49,76,101.5,110.5,74.4,459.2,403.9,41.3,137.7,44,209.1,70.5,37.8,94.1,100.8,154.7,146.2,123.1,46.3,42.3,178,50.9,111,158.2,493.5,NaN
GI_10863984-S,150.8,166.3,202.4,165.7,98.6,130.3,212.5,151.4,174.9,159,113.2,195.8,122.8,103.2,218.3,158.4,108.9,230.5,174.6,180.7,182.1,118.4,157,156.1,137.7,163.8,156.5,165.3,132.7,118.3,107.8,131.4,156.6,168.6,117.5,161.8,145.9,206.9,131.3,217.5
GI_10863994-S,85.3,133.4,84.7,124,164.6,117,132.1,137.1,114.5,129.1,148.4,134.6,106.5,156.1,119.2,93.9,136,74.2,101,98.6,61.6,123.5,115.5,127.9,132.2,111.9,116.1,109.5,71.5,124.5,141.7,114.6,167.1,133,142.9,134.9,132.1,106.3,170.2,87
GI_10863996-S,133.9,171.2,103.8,159.7,196.7,177.5,158.9,109.5,128.9,171.4,212,107.1,117.4,274,146.5,100.3,133.9,92,161.2,113.3,116.2,202.4,121.8,176.5,223.3,100,184.6,111.8,140.8,230.4,217.4,244.3,177.9,131.5,209.2,145.1,160.4,156,192.5,88.7
GI_10864008-I,235.3,490.9,457.5,444.8,155.7,366.8,777.1,690.3,626.7,574.1,348.8,472.4,174.5,164.9,529.7,522.9,548.3,1097.9,581.7,512.2,891.9,304.5,504.3,457.1,374.4,383.4,346.5,444.4,441,252.2,271.5,702.8,423.9,498.4,152.8,300.1,400.3,443.1,409.8,581.8
GI_10864010-S,154.8,197.7,288.4,150.4,217.7,165.9,219.6,323.1,307.6,190.6,210.2,186.9,48.5,186,216.1,193,335.5,313.5,221,294.8,231.4,137.5,162.9,224.9,163.2,122.1,111.7,193.2,181.9,164.2,280,259.3,183.8,367.6,85.3,115.2,190.1,167,483.7,192
GI_10864012-S,1554.7,5101.7,2733.9,4566.4,2140.3,3206.6,6708.3,5139.2,5853.8,4667.5,2900.8,5686.2,2441.8,1447.8,5530,5438.2,6506,10484.9,7022,6001.2,7464,2690,4825,4253.8,2818.3,3756.7,3275.6,5382,4905.5,2020.2,2267.3,7555.5,6696.6,5293,1842.9,2653.8,3430.8,3135.8,3569.4,5377.8
GI_10864016-S,302.6,256.4,163.9,266.6,414.7,306.3,318.8,321.6,244,279.9,416.2,211.5,399.3,573.9,240,258.3,265.8,286.5,359.1,287.1,220.8,396,241.1,344.1,453.9,232.9,286.3,316.8,326.1,441,407.2,395.6,434.4,248,346.5,262.9,321.8,285.5,384.9,185.6
GI_10864022-S,154.6,178.8,130.3,171.6,239.4,173,213.9,161.9,145.2,195.8,193.3,178.6,153.2,244,138.2,129.7,145.1,84.7,146.6,125.3,145.1,199.1,178.9,181.4,213.3,108.1,151.7,158.6,114.9,208.4,220,176.2,183.9,159.7,189.2,193.7,188.9,195.6,230.6,90
GI_10864024-S,99.6,67.5,NaN,52,83.8,74.8,78.2,63.4,59.2,80.6,108.1,57.4,66.1,139.8,42.5,71.5,NaN,NaN,65.9,50.5,NaN,107.4,46,94.8,128.8,NaN,68.7,71.3,55.3,95.9,58.1,42.1,53.1,75,78.5,66.2,63.6,NaN,109.4,NaN
GI_10864030-S,4940.5,6637,12322.2,6248.7,2281.7,3932.6,10408.4,7765.6,8843.2,5228.5,3671,7304.4,7703,2473.3,5937.7,9439.1,7411.6,10074.3,7999.8,8292.7,7679.4,4803.3,5000.6,4573.5,4680.1,7539.8,7748.7,9122.2,6064.8,2650.2,4231.9,13379.6,8480.3,6197.1,4808.2,5511.8,5417.2,7630.6,5741,11286.8
GI_10864046-S,38.2,NaN,46.2,49.6,65.2,56.6,52.5,47,67.7,45.1,42.1,91.1,87.6,55.3,45.6,66.3,NaN,NaN,NaN,46.5,NaN,57.1,63.2,82.7,48.1,72.9,43.4,52.4,67,50,50.5,NaN,NaN,42.5,58.1,44,52,NaN,57.1,NaN
GI_10864649-S,801.2,563.3,750,710.5,591.4,631.3,290.9,306.9,354,436.4,728.1,641.1,1135.1,733.1,469.4,636.1,337.7,350.2,328.7,463.7,374.1,597.7,545.7,436.8,486.9,773.4,610.5,433,699.9,615.3,580.7,615.7,695.3,505.4,876.4,742.8,631,608.2,308.2,434.3
GI_10880123-A,284.5,224.6,288.3,220.6,230.7,279,207.6,160,130.2,178.3,199.6,222.4,357.6,276.1,203.2,195.6,135.8,168.4,182.2,232.6,232.6,285.3,196.9,223.6,200.6,284,205.5,204.2,236.8,291,219.6,177.3,209.2,197.3,253.3,221.2,237.4,206,193.1,115.1
GI_10938009-A,170.6,182.2,190.2,155.9,105.4,160.3,156.9,153.3,138.7,156.5,154,247.2,197.1,120.1,150.5,190.2,163,162.4,186,189.2,213.3,134,164.5,110.9,106.3,210.3,142.9,134.5,151.2,164.8,131.7,199.5,157.5,180.3,129.7,179.2,165.9,132.9,148.8,203.9
GI_10938012-S,91.9,110.2,158.5,125.7,59.3,98.9,103.1,80.5,92.6,90.2,115.6,108.3,150,75.6,99.7,83.7,NaN,NaN,107.6,94.3,80,140.2,121.1,121.2,133.8,119.6,128.4,103.2,74,87.6,74.8,75.3,75.4,96.9,80.3,101.2,82.2,80,70.6,NaN
GI_10938013-S,8005.3,13152.9,16486.6,13116.3,5842.4,8653.2,12657.2,10233,13843.6,15399,8726.1,13556.1,7264.8,4693.3,13658.8,17011.8,15643.4,12073.1,14363.8,13934.2,15099.2,9146.3,12274.3,12597.5,7755.6,13599,11545.9,11739.3,9508.2,5563,6235.6,9621.4,7816.6,10093.6,6857.9,7901.4,8253.8,13073.8,6784,14400.4
GI_10938020-S,709.2,482.7,591.4,737.7,948.2,725.2,263.7,388.1,374.1,384.6,644.5,624.5,965.6,540.8,585.2,482.7,339.2,242.2,285.3,349.3,359.3,828.6,454.4,706.4,459.6,702.3,684.1,385.7,730.9,705.9,655,478.4,368.9,504.7,835.3,536.8,615.7,629.8,397.1,360
GI_10938021-S,1301.6,1311.2,1266.1,1239.7,1694.2,1376.7,1303.6,1524.8,1148.1,1462.2,1219.5,1412,1088.5,1323.6,1359.7,1170.4,1216.7,1820.2,1331.6,1366.7,1323.9,1262.4,1290.3,1426.7,1103.8,1105.3,943.1,1466.2,1418.4,1410.1,1325.5,1305.1,1221.7,1431.9,1040.7,957.9,1114.7,1416.1,1492.2,1144.9
GI_10947030-S,4813,3711.9,5440.8,4530.1,3468.9,4289.5,2821.7,3229.8,4053.8,4339.9,3461.4,4260.3,4458.1,3285.4,3680.9,4211.7,3435.2,3940,2543.4,4118.8,3811.2,4226.5,3829.9,4608.7,3876.1,5321.3,4306.9,3923.4,3672,3681.4,3190.5,3438.4,3093,3295.2,4441.6,3761.2,3670.1,4357.8,2933.4,4344.3
GI_10947032-S,293.6,248.1,271.6,245.6,421.5,384.1,303.3,292.9,262.2,312.8,290.3,335.4,383.8,326,303.5,270.9,290.8,317.6,250,287.8,290.5,340.3,300.8,287.1,306.4,328,291.4,392.2,329.7,334.8,359.6,251.9,297.4,261.6,311.4,298,300.3,326.5,382.7,231.3
GI_10947033-S,1104.4,1935.8,1770.4,1939.9,1487.3,1378.5,1854.2,1893.8,2268.9,1667.9,1118.9,1550.9,1193.7,926.8,2264.1,2651.4,3469.2,3935.9,1895.8,2052.2,2414.4,1352.5,2060.9,1671.5,1065,1930.9,1318.1,1688.1,1748.7,967.8,1439.6,1899.1,1794.2,2449.4,1381,1870.6,1797.6,1776.4,1600.9,3151.9
GI_10947034-S,118.1,89.2,115.2,127.1,149.2,133.2,118.5,96.5,105.1,105.2,151.9,70.1,125,169.4,134.4,150.7,91.7,85.9,102.9,84.3,93.4,143,117.4,133.5,158.5,125.2,165.6,92.9,114.8,162.2,128.2,139.5,94.5,167.5,150,146,126.1,116.4,128,109.7
GI_10947053-A,67.5,NaN,58.9,50.5,101.7,67,50,61,52.9,93.7,102.2,68.5,72.1,298.9,70,NaN,58.1,NaN,52.4,68.4,59,65.9,61.7,35.2,61.1,NaN,47.7,65.3,78.7,79.9,94.5,59.9,93.7,71.8,53.6,45.4,57.1,104,84.7,NaN
GI_10947058-S,1219.5,1343.7,1128.9,1244,1138.6,1247.7,918.9,1089.8,1168.5,1142.2,959.1,1138.4,758.8,883,1092,1195.4,1336.5,1272.5,1014.8,1080.1,1243.7,987.8,1183.9,1253.9,944.9,1071.5,1153.3,915.2,994.4,839.6,958.3,1101.3,744.8,1468.6,1031.1,999.1,1038.2,1390.8,1095.3,1497.5
GI_10947125-S,70.5,68.9,57.6,58.4,87.7,81,115,113.3,99.7,137.1,92.8,87.3,86.8,132.3,91.3,72.9,109.9,188,129.1,104.2,94.9,97.1,93.3,93.7,92.9,93.9,73.2,129.5,104.1,86.9,93.2,115.6,115.4,122.6,74.7,84.8,84.3,139.1,119.5,81
GI_10947134-S,583.3,618.2,488,476.4,357.3,513.2,490,489.4,516.7,438.4,443.1,520.3,531.3,358.4,461.8,533.8,542.1,501.9,436.4,480.6,495.2,413,522.4,461.6,427.7,425.2,508.5,477.4,439.9,390.3,375.2,494,487.5,586.8,505.8,634.8,510.1,427.6,344.9,482.5
GI_11024697-S,2524.2,2366.8,2141.3,2467.5,2668.7,2645.3,2480,2041.1,3467.6,1789.7,2017,1885.9,2548.4,2284.8,2266.7,2247.8,3023.3,2449.6,2602,2012.6,2543.5,2421.3,2031.7,3130.4,2383.1,2378.4,2190.2,2138.6,2792,2006.9,2449.1,2849.9,2330,2275.7,2451.8,2590.6,2126.2,2628,2252.8,2072
GI_11024703-S,40.6,NaN,37.7,61.1,64.8,58.9,88.2,67.5,70.8,85.5,68.7,NaN,48.7,78.1,71.4,NaN,86.4,103.9,95.5,78.7,55.6,50.5,61.4,67.4,59.4,NaN,44.3,79.1,59.5,62.6,80.1,100.1,76.1,73.3,57.4,47.5,66.2,NaN,86.7,68.7
GI_11034834-I,309.3,406.6,344.1,447.1,463.9,348.5,478.5,344.4,438.3,475.1,437,519,174.2,253.6,527.9,318,468.2,257.5,359.9,365,320.9,297.1,382.7,431.4,490.8,420.1,379.7,328.5,317.5,275.8,376,330.4,521,380.4,379,442,370.7,514.8,339.5,554.4
GI_11034854-S,735.7,905.3,778.4,784.1,827.4,906,1158.6,1172.9,1196.7,960.7,711.3,637.3,731.4,607.5,939.4,756.3,1085.1,1395.2,1206,879.2,1155.7,890.2,1002.3,1233,834.2,777.8,713.6,908.9,799.1,684.7,700.4,888.8,909.2,896.1,671,823.5,780.3,883.5,902.3,867.4
GI_11036639-S,1989.4,982.4,1509.2,1731.3,2487.1,1525.8,678.8,756.8,812,959.5,1523.8,1068.1,1963.3,2200,1121.9,966.1,848.5,817.5,698.7,879,830.7,1567.7,1065.8,1437.9,1415.3,1317.7,1213.3,853.3,1698.3,1698.6,1461.5,927,775.9,1406.5,1962.9,1652.6,1303.8,1455.1,902.6,881.9
GI_11037054-S,114.1,54.2,92.3,94.2,38.7,46.2,51.2,59.1,49,50.7,48.1,80.7,51.5,31.2,40.3,83,59.5,NaN,73.8,57.7,97.3,57,61.3,64.6,47.5,NaN,61.2,67.5,61.9,56,65.8,54.8,NaN,80,67.3,62.5,70.2,NaN,200.6,66.6
GI_11037056-S,409.1,875,960,889.1,766.2,830.5,1614.1,1215.1,1395.6,1777.9,743.3,816.2,500.4,574.3,1644.2,1286.6,2034.3,2459.3,2219.9,1109.1,1999.2,1029.3,1657.7,1451.4,952.8,986.8,1068.7,1211.4,1495.2,612.2,803.1,1379.6,1105.7,1211.6,375.9,719,1110.3,1031.7,1317,1394.7
GI_11037060-A,90.9,61.7,77.8,45,70,81.2,108.7,116.7,88.3,58.5,95.9,97.4,223.3,140.2,59,80.3,58.9,83.5,82.6,89.1,74.4,134.1,77.1,97.6,126.6,104.2,97.6,105.3,55.2,100.1,109.8,96.8,69.5,65.9,80.3,76.8,76.3,120.7,112.2,NaN
GI_11037062-S,39.6,99.8,56.5,50.9,89.1,74.1,63,80.5,53,85.7,147.7,72.9,55.8,169.9,76.6,108.4,97.5,116.6,118.2,100.8,65.3,68.7,62.3,65.6,76.8,62.6,100.4,95.3,55.3,87.8,97.9,80.3,106,95.6,91,81.8,86.8,NaN,134.4,NaN
GI_11037064-S,54.9,91.5,84,60.8,62,91.6,78.7,105.4,103.9,116.2,83.4,57.2,59.5,52.5,110.4,147.2,187.4,174.8,186.4,162.1,143.5,61.3,97.8,98.9,73.1,106.4,78.9,143.4,130.2,84.9,69.1,116.5,78.4,93.9,54.2,34.4,75.8,71.6,126.3,108.7
GI_11038618-S,1575.7,965.9,775.5,1204.5,1378.7,1333.2,1890.6,2397.3,1564.3,1376.7,3004.3,815.6,2025.4,2103.2,992,943.4,692.8,847.1,2010,1130.1,1443.5,1903.2,897.6,1922.5,1812.4,945.2,887.3,1233.7,1330.5,1738,1738.2,1641.8,1396.4,1217.6,1012.8,991.5,1327.4,1087.8,2674.1,662.3
GI_11038623-S,187.2,143.3,154.9,128.5,199.4,137.8,146.5,145.6,213.8,187.7,163.9,165.1,187.6,197.4,172.1,104.6,201,255.3,181.7,198.7,217.7,164.3,147.7,131.4,162.3,172.5,140.7,198.1,169.6,164.8,247.9,164.2,143.8,214.5,160.1,163.8,135.2,161,246.8,119.9
GI_11038640-A,180.3,227.4,162.5,200,55.8,156.3,199,241.8,195.4,169.7,159,111.3,278,94.6,144.7,235.6,95.6,231.6,154.2,145.8,203.8,191,186.7,166.8,180.5,155.6,186.6,172.5,144.5,142.3,84.2,179,104.5,96.9,80.6,107.1,130.4,99.3,123.2,105.2
GI_11038642-A,3262.9,2775,4277.3,3742.6,2509.7,2516.3,2796.3,3144.1,3272.1,3209.1,2767.3,2898.2,3213.9,2152.2,2744.5,3266.2,2606.6,2516.3,2944.4,2558,3220.8,2931.3,2631.6,4011.1,2668,3622.5,3161,2351.2,2719.9,2124,2223.2,2749,2450.8,2531.6,2225.4,2454.1,2407.7,3198.5,2031.6,3191.6
GI_11038644-I,684.5,467.5,576.1,476.3,737.9,505,351.5,376,363.3,414.3,730.5,340.1,699.2,938.4,361.7,303.3,264.5,292.6,370.5,305.8,310.4,496.5,281.3,481,495.6,397,378.4,287.4,510.2,568.7,443.5,347.9,398.2,380.1,416.4,425.2,377.4,541.8,334.2,221.5
