TargetID,<                  <AD-144,<                  <AD-148,<                  <AD-15,<                  <AD-156,<                  <AD-158,<                  <AD-165,<                  <AD-166,<                  <AD-171,<                  <AD-175,<                  <AD-178,<                  <AD-179,<                  <AD-18,<                  <AD-184,<                  <AD-186,<                  <AD-187,<                  <AD-188,<                  <AD-189,<                  <AD-190,<                  <AD-191,<                  <AD-192,<                  <AD-193,<                  <AD-194,<                  <AD-195,<                  <AD-196,<                  <AD-199,<                  <AD-20,<                  <AD-200,<                  <AD-201,<                  <AD-202,<                  <AD-230,<                  <AD-231,<                  <AD-232,<                  <AD-234,<                  <AD-236,<                  <AD-237,<                  <AD-238,<                  <AD-239,<                  <AD-24,<                  <AD-242,<                  <AD-243,<                  <AD-245,<                  <AD-247,<                  <AD-248,<                  <AD-249,<                  <AD-25,<                  <AD-251,<                  <AD-260,<                  <AD-261,<                  <AD-262,<                  <AD-263,<                  <AD-264,<                  <AD-268,<                  <AD-269,<                  <AD-271,<                  <AD-272,<                  <AD-273,<                  <AD-274,<                  <AD-275,<                  <AD-278,<                  <AD-28,<                  <AD-280,<                  <AD-282,<                  <AD-284,<                  <AD-287,<                  <AD-289,<                  <AD-29,<                  <AD-293,<                  <AD-295,<                  <AD-297,<                  <AD-304,<                  <AD-305,<                  <AD-31,<                  <AD-316,<                  <AD-329,<                  <AD-330,<                  <AD-340,<                  <AD-346,<                  <AD-347,<                  <AD-35,<                  <AD-375,<                  <AD-377,<                  <AD-378,<                  <AD-379,<                  <AD-380,<                  <AD-381,<                  <AD-382,<                  <AD-383,<                  <AD-384,<                  <AD-385,<                  <AD-386,<                  <AD-387,<                  <AD-389,<                  <AD-390,<                  <AD-391,<                  <AD-393,<                  <AD-394,<                  <AD-395,<                  <AD-396,<                  <AD-397,<                  <AD-398,<                  <AD-399,<                  <AD-401,<                  <AD-402,<                  <AD-407,<                  <AD-411,<                  <AD-413,<                  <AD-417,<                  <AD-418,<                  <AD-421,<                  <AD-422,<                  <AD-423,<                  <AD-425,<                  <AD-426,<                  <AD-428,<                  <AD-43,<                  <AD-431,<                  <AD-436,<                  <AD-437,<                  <AD-44,<                  <AD-441,<                  <AD-442,<                  <AD-444,<                  <AD-446,<                  <AD-449,<                  <AD-45,<                  <AD-456,<                  <AD-459,<                  <AD-46,<                  <AD-460,<                  <AD-462,<                  <AD-463,<                  <AD-474,<                  <AD-476,<                  <AD-477,<                  <AD-478,<                  <AD-480,<                  <AD-481,<                  <AD-486,<                  <AD-49,<                  <AD-50,<                  <AD-51,<                  <AD-52,<                  <AD-53,<                  <AD-54,<                  <AD-61,<                  <AD-62,<                  <AD-65,<                  <AD-66,<                  <AD-68,<                  <AD-69,<                  <AD-71,<                  <AD-72,<                  <AD-76,<                  <AD-78,<                  <AD-79,<                  <AD-80,<                  <AD-83,<                  <AD-86,<                  <AD-89,<                  <AD-90,>->->->->->->->->->CON-122,>->->->->->->->->->CON-123,>->->->->->->->->->CON-124,>->->->->->->->->->CON-125,>->->->->->->->->->CON-127,>->->->->->->->->->CON-128,>->->->->->->->->->CON-130,>->->->->->->->->->CON-131,>->->->->->->->->->CON-134,>->->->->->->->->->CON-135,>->->->->->->->->->CON-136,>->->->->->->->->->CON-137,>->->->->->->->->->CON-139,>->->->->->->->->->CON-140,>->->->->->->->->->CON-141,>->->->->->->->->->CON-142,>->->->->->->->->->CON-143,>->->->->->->->->->CON-145,>->->->->->->->->->CON-147,>->->->->->->->->->CON-148,>->->->->->->->->->CON-15,>->->->->->->->->->CON-150,>->->->->->->->->->CON-151,>->->->->->->->->->CON-153,>->->->->->->->->->CON-154,>->->->->->->->->->CON-155,>->->->->->->->->->CON-156,>->->->->->->->->->CON-158,>->->->->->->->->->CON-160,>->->->->->->->->->CON-161,>->->->->->->->->->CON-162,>->->->->->->->->->CON-163,>->->->->->->->->->CON-17,>->->->->->->->->->CON-172,>->->->->->->->->->CON-173,>->->->->->->->->->CON-174,>->->->->->->->->->CON-175,>->->->->->->->->->CON-176,>->->->->->->->->->CON-177,>->->->->->->->->->CON-178,>->->->->->->->->->CON-179,>->->->->->->->->->CON-18,>->->->->->->->->->CON-180,>->->->->->->->->->CON-181,>->->->->->->->->->CON-186,>->->->->->->->->->CON-188,>->->->->->->->->->CON-189,>->->->->->->->->->CON-190,>->->->->->->->->->CON-191,>->->->->->->->->->CON-193,>->->->->->->->->->CON-196,>->->->->->->->->->CON-198,>->->->->->->->->->CON-199,>->->->->->->->->->CON-20,>->->->->->->->->->CON-201,>->->->->->->->->->CON-202,>->->->->->->->->->CON-203,>->->->->->->->->->CON-204,>->->->->->->->->->CON-205,>->->->->->->->->->CON-206,>->->->->->->->->->CON-207,>->->->->->->->->->CON-208,>->->->->->->->->->CON-210,>->->->->->->->->->CON-213,>->->->->->->->->->CON-214,>->->->->->->->->->CON-217,>->->->->->->->->->CON-218,>->->->->->->->->->CON-219,>->->->->->->->->->CON-22,>->->->->->->->->->CON-221,>->->->->->->->->->CON-223,>->->->->->->->->->CON-225,>->->->->->->->->->CON-226,>->->->->->->->->->CON-228,>->->->->->->->->->CON-230,>->->->->->->->->->CON-231,>->->->->->->->->->CON-232,>->->->->->->->->->CON-233,>->->->->->->->->->CON-234,>->->->->->->->->->CON-235,>->->->->->->->->->CON-236,>->->->->->->->->->CON-237,>->->->->->->->->->CON-240,>->->->->->->->->->CON-241,>->->->->->->->->->CON-242,>->->->->->->->->->CON-243,>->->->->->->->->->CON-244,>->->->->->->->->->CON-245,>->->->->->->->->->CON-246,>->->->->->->->->->CON-249,>->->->->->->->->->CON-25,>->->->->->->->->->CON-250,>->->->->->->->->->CON-251,>->->->->->->->->->CON-252,>->->->->->->->->->CON-253,>->->->->->->->->->CON-254,>->->->->->->->->->CON-255,>->->->->->->->->->CON-256,>->->->->->->->->->CON-257,>->->->->->->->->->CON-259,>->->->->->->->->->CON-26,>->->->->->->->->->CON-260,>->->->->->->->->->CON-261,>->->->->->->->->->CON-263,>->->->->->->->->->CON-264,>->->->->->->->->->CON-265,>->->->->->->->->->CON-267,>->->->->->->->->->CON-268,>->->->->->->->->->CON-270,>->->->->->->->->->CON-273,>->->->->->->->->->CON-274,>->->->->->->->->->CON-277,>->->->->->->->->->CON-29,>->->->->->->->->->CON-30,>->->->->->->->->->CON-31,>->->->->->->->->->CON-32,>->->->->->->->->->CON-33,>->->->->->->->->->CON-34,>->->->->->->->->->CON-35,>->->->->->->->->->CON-36,>->->->->->->->->->CON-37,>->->->->->->->->->CON-38,>->->->->->->->->->CON-40,>->->->->->->->->->CON-42,>->->->->->->->->->CON-43,>->->->->->->->->->CON-44,>->->->->->->->->->CON-45,>->->->->->->->->->CON-47,>->->->->->->->->->CON-48,>->->->->->->->->->CON-49,>->->->->->->->->->CON-50,>->->->->->->->->->CON-51,>->->->->->->->->->CON-52,>->->->->->->->->->CON-54,>->->->->->->->->->CON-55,>->->->->->->->->->CON-56,>->->->->->->->->->CON-57,>->->->->->->->->->CON-58,>->->->->->->->->->CON-6,>->->->->->->->->->CON-60,>->->->->->->->->->CON-61,>->->->->->->->->->CON-62,>->->->->->->->->->CON-64,>->->->->->->->->->CON-65,>->->->->->->->->->CON-67,>->->->->->->->->->CON-68,>->->->->->->->->->CON-7,>->->->->->->->->->CON-70,>->->->->->->->->->CON-72,>->->->->->->->->->CON-73,>->->->->->->->->->CON-75,>->->->->->->->->->CON-77,>->->->->->->->->->CON-79,>->->->->->->->->->CON-80,>->->->->->->->->->CON-82,>->->->->->->->->->CON-83,>->->->->->->->->->CON-84,>->->->->->->->->->CON-85,>->->->->->->->->->CON-86,>->->->->->->->->->CON-87,>->->->->->->->->->CON-89,>->->->->->->->->->CON-9,>->->->->->->->->->CON-90,>->->->->->->->->->CON-91,>->->->->->->->->->CON-94,>->->->->->->->->->CON-95,>->->->->->->->->->CON-96,>->->->->->->->->->CON-97,>->->->->->->->->->CON-98,>->->->->->->->->->CON-99

GI_13129135-S,85.7,83.6,94.3,54.7,129.6,101.3,99.8,100.9,57.3,119.8,111.3,73.6,76.7,167.9,70.5,86.0,100.6,126.1,134.3,109.9,112.3,88.4,87.2,102.7,102.4,84.6,69.6,106.8,124.4,96.6,161.6,139.3,80.3,118.0,140.6,90.0,98.5,121.5,185.6,97.3,138.1,69.1,83.4,91.3,125.5,100.8,61.5,129.3,66.5,147.8,74.1,94.8,95.0,210.5,85.7,98.2,199.4,119.4,102.6,91.4,121.0,63.4,132.2,99.2,97.4,74.9,79.9,99.9,114.5,112.5,148.2,64.1,128.1,95.9,87.0,155.3,113.0,139.3,98.5,236.6,225.9,145.1,99.7,263.6,168.5,241.1,170.3,220.1,224.6,192.0,248.4,175.5,155.1,185.6,203.8,332.3,247.1,273.5,232.0,277.7,450.8,241.6,153.5,174.0,101.1,102.2,104.4,103.5,88.0,109.4,101.0,81.8,85.7,113.7,113.2,113.1,86.7,94.3,113.6,89.9,132.0,117.2,117.7,85.1,103.6,146.5,70.9,133.4,147.3,99.2,113.1,98.7,89.9,98.8,85.5,81.9,133.2,130.9,176.1,124.6,88.1,96.8,135.7,111.6,125.8,108.9,120.1,81.7,96.1,123.2,96.7,113.4,102.5,107.5,93.0,97.0,75.3,98.2,163.8,111.3,63.4,119.9,117.8,94.5,104.7,95.3,70.6,139.1,105.5,109.2,126.2,87.9,111.0,153.3,168.1,110.2,172.7,134.3,107.9,113.2,147.6,125.5,151.1,128.7,102.3,145.1,115.8,121.6,109.2,162.4,90.0,52.0,124.6,80.3,111.1,160.5,108.2,154.3,82.3,159.5,95.4,71.0,117.6,86.0,75.3,104.3,154.5,51.9,98.6,85.3,118.8,128.9,181.8,109.8,143.2,138.4,111.3,88.6,168.9,117.9,94.8,86.6,139.0,118.3,97.8,70.9,86.2,82.0,115.1,165.0,88.2,95.5,89.1,167.2,127.0,183.7,195.7,144.9,151.6,137.7,116.6,87.3,185.1,104.8,111.0,106.2,76.1,171.3,100.4,137.2,79.5,87.1,229.3,139.1,231.5,136.1,115.7,163.3,143.8,88.7,132.3,147.0,163.9,168.8,133.4,80.0,113.9,99.3,122.8,148.4,100.5,134.9,95.3,148.9,106.3,107.8,145.1,156.4,119.7,81.4,116.5,83.3,77.4,169.4,130.1,97.1,98.3,162.5,189.9,179.4,217.3,137.5,89.2,127.0,122.9,163.8,111.3,123.9,74.8,107.8,78.8,175.5,94.3,138.3,80.5,119.0,62.2,119.8,55.8,131.0,83.0,71.3,107.5,122.1,93.0,71.2,75.9,148.9,111.5,140.6,82.7,94.3,144.3,124.5,83.3,91.3,87.4,54.5,104.4,74.7
GI_15011919-S,1150.0,1175.1,1146.8,1098.4,1098.5,1091.2,1117.6,1345.4,1379.0,854.0,896.7,1004.9,1234.1,1071.3,1076.5,1101.0,962.2,1069.4,1200.5,1086.9,1226.3,1188.9,1018.7,1246.4,962.3,1007.4,820.2,979.6,1221.0,986.1,1017.3,1067.9,1115.6,1249.5,930.8,1076.0,1015.0,1006.6,1072.7,925.0,1209.6,1165.2,1180.6,991.1,838.5,957.1,1153.1,1128.4,1105.4,1078.6,1155.8,1231.7,1394.0,1203.4,1164.9,1146.3,644.4,1053.2,963.7,966.9,1074.2,1182.9,1062.6,1027.0,1028.6,1164.4,1137.4,1081.7,1119.6,1018.7,1009.5,1104.8,879.9,1139.9,1077.5,1149.5,1023.1,1510.0,949.6,754.4,842.3,671.2,947.3,655.6,690.4,890.9,662.7,814.8,658.7,728.4,871.1,942.3,827.3,805.5,831.3,638.4,523.9,574.6,824.5,776.2,1041.6,845.3,935.4,1071.8,1150.7,1353.3,1026.8,1326.5,1258.0,940.5,904.4,885.3,1054.6,993.5,1069.6,1016.6,1151.4,1288.5,1009.3,939.2,895.3,887.6,1018.6,802.2,1080.7,865.3,930.4,858.4,858.3,1134.6,1009.4,965.9,1132.8,1082.7,1040.2,1170.4,1069.8,1102.2,1145.1,1043.4,1216.1,1037.8,948.8,1091.5,976.6,1076.6,902.1,1190.0,1088.1,1052.7,1018.9,938.6,995.5,811.3,925.6,1078.5,1089.7,969.0,1124.6,996.0,1469.3,1160.7,1082.7,1465.4,1284.3,1452.6,1720.0,999.4,1302.5,1261.1,1054.8,1814.9,1229.3,1230.0,811.9,837.1,934.3,942.3,1195.5,1256.3,1092.0,911.0,1174.9,1378.5,1163.1,1283.7,1028.7,955.0,1231.9,1035.6,1257.5,1260.0,916.9,1296.5,815.4,997.3,1378.5,911.2,1068.8,1191.3,1121.3,1054.4,1336.6,1033.7,859.5,892.2,1126.7,1342.0,1347.7,922.7,1155.5,1121.8,998.4,1067.7,1147.1,1089.2,1046.5,926.3,1086.9,1211.1,996.9,1116.6,1037.0,947.2,1350.5,1169.5,1477.0,1398.7,971.6,1054.1,1142.4,1027.6,1154.9,998.6,880.4,677.1,885.0,791.7,769.3,837.1,1139.6,1265.3,1174.9,1220.7,920.2,993.7,1212.6,985.5,981.9,945.8,1421.9,989.0,755.2,1098.9,883.1,957.7,991.8,1308.8,1157.0,1112.4,1099.7,832.7,855.2,1102.6,1060.8,1099.6,960.8,953.4,960.0,955.7,1287.2,934.2,1388.9,960.7,1421.0,950.7,875.5,1101.6,1157.3,1471.8,996.3,1012.9,1225.3,946.5,967.9,1036.5,1162.4,942.1,1309.5,819.3,961.4,1302.2,1068.5,969.6,981.6,1003.9,1438.0,1248.3,1533.6,1015.6,938.8,837.7,1288.1,1162.8,1206.0,1279.6,1690.1,1052.1,947.2,1238.1,1284.4,974.4,1143.1,1052.4,1453.1,1291.0,1238.2,731.1,1010.0,901.4,1269.5,986.4,1101.9,1043.1,1351.2,1068.8,1469.4,1367.8,1043.0,1304.0
GI_16945969-I,1198.1,1009.8,1307.1,1205.6,1360.7,1312.7,731.3,815.5,870.1,1112.5,1174.3,1091.9,1027.0,1177.2,974.1,1414.4,919.8,943.6,978.7,1022.8,985.3,1390.5,1166.5,1656.7,1406.3,1245.5,1450.3,1130.3,1079.0,961.4,1044.8,1002.1,732.1,824.7,1339.0,1093.7,987.7,1310.4,880.5,943.7,824.6,1145.7,1137.0,1277.1,801.9,1282.1,892.7,632.2,506.7,999.8,514.0,580.9,647.6,935.9,792.6,777.3,723.5,1146.7,849.4,950.1,1084.4,1023.4,1209.6,1446.9,1306.5,1169.2,1384.9,1083.1,1476.2,1481.2,1188.6,939.8,1485.2,1289.8,1216.2,938.8,1016.1,1057.7,611.4,777.7,1064.4,1278.9,1264.4,771.8,885.5,955.1,833.7,565.9,1198.9,1046.8,1040.6,911.8,937.9,1013.3,1103.1,695.3,1006.6,773.4,914.4,643.4,1230.5,1654.7,1203.1,1406.5,1194.1,860.0,582.5,944.4,1021.1,579.5,1104.5,685.0,836.2,798.6,895.8,1572.5,1021.9,1412.0,889.9,1250.0,1182.7,1406.6,840.1,1063.7,896.1,1069.8,829.6,539.3,630.7,685.4,1306.8,604.3,1431.8,713.8,1018.8,771.3,1106.1,1375.1,843.6,1052.8,1019.3,903.4,839.2,1070.3,685.8,724.0,552.6,894.7,1002.4,1069.5,902.9,608.0,659.5,1075.0,435.2,900.6,937.6,859.3,919.6,788.7,1043.5,1479.3,971.0,798.2,1470.4,1133.1,1791.9,940.7,1285.1,1094.7,1116.1,1411.9,866.0,1850.7,1136.0,1329.9,1494.5,1123.9,1409.4,1317.2,1267.6,1122.4,1692.4,1403.0,1457.3,1677.3,1514.7,1273.8,1478.8,1416.9,1561.3,767.7,1228.5,1358.4,1229.1,1349.2,1279.6,1624.1,1153.5,1403.3,1167.0,1045.9,1117.8,1263.1,799.1,1277.8,1090.6,1234.0,717.4,977.9,943.2,1395.0,1533.3,1835.8,1070.8,1473.0,1370.8,1567.5,1431.0,1346.3,1003.2,1537.7,1283.4,907.4,1162.6,1300.6,1094.7,1065.8,916.0,931.6,1003.2,937.1,1120.9,1473.5,942.1,1010.7,893.1,851.4,1129.4,1174.8,1157.2,1091.7,1830.1,1525.9,1339.4,1179.3,1403.6,1763.7,1352.0,1533.3,804.8,1532.3,2076.0,1246.6,1648.4,1461.9,1184.7,1311.8,1646.6,1043.9,1108.4,1057.9,1534.4,1511.1,1532.4,1219.5,1409.1,1003.3,1343.2,1897.4,960.9,779.3,1151.7,1680.6,1034.3,1002.7,1489.5,1320.4,1188.5,953.3,1644.1,1248.4,1145.4,1339.1,1665.3,1240.0,1464.3,1378.1,1450.5,1454.1,1880.8,1322.2,1359.4,1171.0,1557.0,1311.9,1483.7,1722.1,1111.7,1353.7,1567.2,1404.2,1341.7,1591.6,1318.4,1405.3,863.5,1271.8,950.6,1037.5,810.4,714.2,980.2,683.8,1010.0,1357.8,1101.6,1219.5,1515.8,828.2,1160.9,1244.5,775.6,1014.0,1288.7,1643.3,1691.0,885.8,1326.2,1105.7
GI_17017983-S,558.6,533.7,570.1,547.4,334.6,504.0,528.7,498.9,614.2,600.9,420.2,448.8,620.5,320.0,542.6,816.4,628.9,686.0,660.9,634.6,668.2,557.6,547.1,442.7,470.4,549.4,569.7,820.6,470.3,385.9,365.2,425.3,394.4,492.7,392.7,473.4,402.4,437.2,418.8,615.4,460.6,578.0,428.7,412.7,364.4,515.0,678.9,598.4,704.1,633.6,681.4,763.4,591.0,484.6,578.8,886.2,437.0,781.5,771.1,579.8,533.7,560.3,375.5,411.0,445.6,520.7,512.6,530.3,511.0,488.0,374.6,455.5,399.9,494.7,399.7,409.7,590.6,472.6,554.0,537.8,396.8,479.0,456.0,408.9,483.0,546.7,624.1,331.8,501.1,336.7,419.6,553.3,792.3,442.9,242.0,474.4,261.9,344.2,397.1,379.5,418.2,440.0,383.8,482.7,445.8,324.5,418.5,465.5,615.7,887.2,796.0,891.7,753.4,586.7,524.8,517.7,416.1,441.7,761.6,627.6,592.0,430.4,583.7,413.2,765.6,364.3,678.5,413.1,707.2,462.6,568.9,754.6,583.0,544.8,612.0,398.7,531.0,509.5,652.9,725.1,685.1,434.1,843.0,773.1,544.5,640.2,721.9,594.0,505.2,642.7,680.9,552.4,591.2,647.6,623.3,763.5,726.0,629.2,630.1,549.1,589.2,651.9,644.6,460.4,548.6,545.0,217.4,443.6,511.5,372.5,529.0,496.2,535.8,565.8,356.8,671.0,429.7,467.0,464.8,643.4,442.8,565.0,468.6,625.1,742.4,619.4,659.9,521.6,518.6,460.2,672.5,491.7,497.1,549.0,440.2,429.1,424.4,491.7,419.9,520.7,438.9,764.4,515.7,690.6,691.3,499.6,476.8,948.9,513.5,498.3,704.9,478.9,391.5,578.6,567.5,489.6,586.6,717.5,456.0,541.8,483.0,516.4,460.6,403.6,659.8,944.1,792.0,741.6,575.7,382.0,585.7,741.6,730.8,533.0,778.9,942.8,609.7,645.4,943.7,727.0,489.8,420.2,515.1,399.7,598.0,495.2,440.2,454.4,358.0,435.8,725.1,589.8,390.6,431.2,486.1,488.0,501.2,408.4,442.6,552.5,517.2,612.2,483.0,643.6,434.9,501.2,597.8,723.0,480.5,611.6,572.2,422.3,914.4,588.5,563.1,473.2,451.3,384.4,482.7,711.1,515.1,556.4,514.6,401.3,590.3,543.7,498.2,440.2,446.3,580.6,496.5,557.0,811.0,499.0,473.9,498.1,614.1,582.4,1035.7,647.1,578.2,590.0,429.5,433.3,442.5,420.5,805.9,503.8,989.2,745.8,518.5,1042.9,553.1,456.9,585.1,1125.9,591.5,482.0,640.2,446.2,710.9,636.3,410.4,648.5,620.8,686.4,648.9,569.5,451.8,459.1
GI_19263342-S,82.4,180.7,92.9,87.6,97.1,95.4,109.2,94.6,169.5,166.9,107.4,156.2,350.7,109.0,114.0,171.2,153.2,239.740668693,141.5,141.0,126.3,95.4,184.7,121.0,92.1,152.1,129.2,185.8,127.6,117.6,133.8,136.6,151.2,201.3,177.4,160.2,157.5,112.7,146.5,156.9,235.0,109.1,151.3,146.4,104.5,80.8,210.2,222.1,162.4,206.8,630.7,249.7,204.9,115.9,228.0,529.2,552.7,352.1,458.6,148.8,254.5,131.7,92.9,94.3,137.9,142.7,90.8,118.0,108.9,123.6,98.7,135.3,123.6,123.7,96.2,105.7,146.4,76.2,103.1,230.0,154.4,191.4,193.5,374.9,289.7,218.4,673.9,555.9,223.7,270.9,298.3,217.2,489.8,160.9,230.7,428.6,205.4,527.9,268.0,612.0,188.7,169.4,99.9,133.1,94.7,145.7,169.7,290.8,332.4,407.3,443.7,432.8,397.1,131.9,401.6,100.7,249.8,103.9,312.0,158.1,141.7,99.2,268.6,116.5,386.5,85.3,272.8,150.0,366.7,163.3,172.9,469.6,122.9,212.6,143.0,161.4,351.4,100.6,370.5,293.8,439.2,326.7,447.5,499.8,143.6,174.4,411.8,366.7,293.2,489.4,556.2,364.4,94.0,156.5,368.6,504.9,430.9,322.0,347.5,409.9,168.1,182.0,201.4,121.5,115.7,159.9,156.7,124.1,155.1,121.7,177.4,123.7,146.0,131.9,146.6,122.6,77.8,110.5,88.2,122.8,120.0,160.7,89.8,114.4,161.5,107.1,163.2,142.5,77.4,118.6,102.0,99.7,120.1,135.2,123.6,139.1,111.6,105.9,161.6,158.4,105.3,304.4,124.9,269.3,180.5,153.2,127.0,245.6,123.8,164.0,171.9,123.7,115.6,127.1,150.2,126.4,125.9,246.1,162.3,107.6,138.0,111.7,122.7,179.5,226.4,684.7,462.2,358.5,170.6,145.7,189.6,172.8,243.0,180.4,632.2,524.1,439.7,263.4,688.1,297.0,136.5,118.7,106.4,90.7,143.8,185.1,129.2,136.2,193.1,144.2,156.3,198.6,145.4,108.5,127.8,98.2,100.7,87.2,116.7,174.5,118.9,205.2,126.1,132.9,113.1,157.8,114.0,209.3,165.6,113.7,169.4,170.8,181.9,149.8,149.0,138.0,91.4,128.1,108.5,145.9,138.7,103.0,115.4,131.3,160.0,188.4,121.6,223.4,113.8,174.3,134.6,158.3,127.2,107.1,153.2,166.9,186.0,117.7,171.5,220.7,145.9,93.0,118.0,115.0,130.8,118.6,130.2,136.9,208.7,146.2,134.9,256.9,168.5,167.1,125.4,443.1,163.5,123.7,143.0,206.7,146.4,207.3,175.8,124.9,148.4,173.6,175.0,129.1,128.0,153.6
GI_20070136-S,357.0,308.6,312.0,390.7,462.3,372.5,441.7,425.4,593.2,396.1,319.7,340.3,391.8,461.0,378.0,301.0,431.8,337.4,417.3,279.6,424.4,404.6,416.3,669.6,354.4,319.8,355.1,358.6,427.8,386.1,451.6,374.4,357.4,428.4,416.9,430.5,418.0,341.2,468.2,300.9,331.3,354.8,402.1,443.3,370.4,307.4,253.2,240.4,372.8,317.4,370.7,313.7,489.1,360.1,376.7,303.9,398.4,372.5,310.0,304.5,340.4,406.2,497.6,457.4,313.9,381.0,382.3,333.6,401.9,411.9,461.9,322.3,323.3,347.9,356.3,420.1,324.7,455.3,278.4,555.7,513.7,410.1,345.0,412.8,445.2,431.3,390.9,538.7,477.0,502.9,424.4,567.8,389.5,571.1,544.9,423.4,500.0,446.6,536.8,381.1,589.5,313.1,368.7,331.1,433.2,358.6,396.3,381.1,396.0,496.1,385.0,272.2,334.1,332.4,360.5,426.9,416.4,387.4,313.3,331.5,374.4,406.0,413.3,488.7,313.0,367.2,320.4,395.8,303.8,441.6,324.3,354.8,354.1,473.7,374.7,570.2,429.6,405.4,278.6,292.6,386.1,360.0,359.3,332.3,275.4,401.0,348.5,410.7,401.6,391.5,318.7,402.5,433.0,348.9,343.3,349.7,403.3,327.1,440.9,299.7,487.8,340.0,410.2,391.9,395.0,435.5,328.5,359.8,449.2,496.3,429.7,438.8,347.7,294.2,380.8,340.9,471.0,371.2,497.5,413.3,461.4,508.5,371.5,339.0,324.2,294.1,431.3,269.6,425.5,419.5,436.2,762.9,434.3,374.6,249.2,271.0,407.6,266.5,342.4,360.8,413.7,306.1,437.1,436.4,375.5,412.2,472.3,359.5,422.7,435.4,438.9,441.4,437.0,330.6,315.1,371.4,368.0,288.7,376.1,415.4,351.9,358.2,465.8,423.6,476.1,410.0,436.9,357.0,575.9,413.1,629.9,378.0,354.4,350.2,430.8,439.6,430.1,547.9,420.0,484.2,380.8,464.1,253.6,524.3,315.5,407.6,407.1,381.6,326.1,371.7,406.6,334.9,314.8,418.4,339.7,435.7,413.6,411.4,429.1,396.6,348.5,343.7,435.3,349.4,433.4,330.0,352.1,380.8,313.4,411.5,497.3,477.9,412.4,434.2,429.5,415.9,461.4,511.5,447.2,492.7,322.8,347.5,438.5,454.8,334.1,377.2,427.4,462.6,432.9,345.7,393.9,409.3,300.4,334.6,347.7,460.0,390.5,326.2,456.7,457.5,321.1,472.6,451.4,451.1,447.5,404.5,479.5,349.0,369.9,339.1,444.6,407.1,378.5,346.3,538.2,306.0,466.2,315.6,445.6,370.0,486.1,349.1,464.6,365.7,337.7,281.2,414.5,429.6,388.2,373.7
GI_20070291-S,378.5,700.8,651.2,815.5,322.1,481.6,900.6,731.6,802.3,739.0,491.0,564.8,333.3,270.9,678.7,1106.3,1029.7,1080.3,647.9,906.2,873.6,448.3,664.1,598.7,417.8,448.6,754.0,731.1,545.4,275.0,323.6,603.3,625.4,847.3,398.7,671.9,671.3,504.2,376.8,1389.4,880.7,575.7,414.6,446.1,621.7,415.7,1131.2,973.8,997.7,558.0,518.3,1067.4,543.0,240.1,561.9,845.1,1621.4,426.4,633.8,856.6,477.5,363.8,238.4,158.1,294.0,425.4,308.3,577.8,873.5,472.5,271.5,491.0,478.4,553.7,263.5,600.9,578.3,240.5,679.5,821.6,807.4,1585.6,913.7,666.6,1352.4,1013.6,952.8,913.1,653.7,1167.2,1456.6,1244.1,1851.4,1582.3,952.5,807.5,776.9,1200.9,1126.2,867.5,5324.2,211.9,280.3,319.2,210.1,298.3,427.9,527.7,368.0,842.4,700.8,926.3,635.9,561.9,260.8,253.6,197.1,258.9,566.6,706.6,628.7,232.4,263.6,780.6,353.3,383.7,489.7,421.9,1635.8,341.5,469.8,736.4,245.9,326.7,610.6,397.9,250.5,447.5,383.9,631.5,472.1,345.6,831.5,596.4,615.5,550.4,691.9,357.1,258.5,557.9,856.1,575.1,1060.4,577.0,619.8,534.7,413.3,477.1,502.1,375.3,447.5,387.4,555.4,228.5,294.7,234.9,343.5,252.1,230.3,222.8,231.5,276.0,400.8,221.0,186.2,297.2,116.4,457.7,198.4,319.2,264.1,345.2,423.7,231.4,386.6,496.3,405.1,408.0,251.9,286.5,303.8,481.6,635.4,425.8,245.8,222.4,288.8,149.1,374.8,368.6,230.3,374.0,462.7,541.9,321.4,263.2,250.5,471.3,512.5,352.1,574.0,167.9,216.6,294.0,252.4,215.0,193.6,369.9,181.0,222.2,188.5,291.3,218.6,253.2,317.3,484.0,266.6,298.8,657.0,205.8,518.7,373.0,410.0,333.1,1531.5,1192.5,1008.9,886.6,1209.3,1122.6,480.0,183.1,171.1,296.5,406.8,760.0,277.1,271.3,654.8,185.4,535.4,360.5,181.2,202.0,173.8,308.4,285.7,195.8,294.5,344.8,358.1,440.0,256.1,378.1,139.4,307.3,205.0,560.9,445.0,343.1,359.2,197.2,212.3,582.5,164.8,252.0,424.5,304.3,206.0,221.2,356.4,269.9,456.4,220.3,227.1,365.5,282.5,297.5,293.2,401.0,394.8,382.2,503.1,252.0,393.9,237.6,289.2,216.5,698.7,345.6,351.8,269.9,224.4,173.9,392.9,241.3,333.9,254.5,876.4,483.6,208.3,1181.4,173.6,243.8,311.9,586.7,404.5,212.9,327.9,273.7,607.8,511.3,426.8,458.2,484.9,455.9,537.2,443.9,228.3,276.3
GI_20336758-S,1439.3,1649.6,2086.8,1931.3,1106.5,1233.7,1395.8,1410.8,1629.9,1700.6,1244.3,2200.3,982.6,1053.7,1421.8,2070.4,1577.4,2125.8,1754.1,1705.3,1610.9,1338.7,1359.9,1982.4,1059.2,1761.2,1926.3,1402.2,1434.4,1255.7,1065.0,1506.6,1244.4,1032.1,2035.8,1788.3,1336.7,1483.3,1424.4,1664.4,1442.8,1287.2,1315.1,1373.1,2020.9,1815.7,2195.5,1472.3,2246.7,1320.5,900.4,1284.5,1431.5,966.6,1239.5,1329.3,2892.8,1065.7,1729.0,2130.9,1460.2,1546.0,1212.1,986.6,1609.1,1211.0,1436.3,2240.7,2002.9,1650.8,1225.0,1515.0,1897.8,1449.9,1436.7,1935.0,1815.0,1078.6,2187.9,1764.2,1705.4,4205.1,1476.6,1385.3,2080.8,1309.0,1564.8,1685.0,1827.3,1847.6,2127.7,1919.9,2160.0,2968.1,1514.9,1194.6,2538.2,1969.1,1622.1,1467.0,2349.2,1522.4,1621.7,2017.7,1053.2,1465.9,1577.8,1017.5,850.7,1203.7,1579.4,1448.6,1235.1,1281.0,966.7,1289.8,931.2,1213.5,1160.0,2784.1,1259.3,1329.4,881.9,2396.2,1042.2,1577.5,1573.3,1192.5,2034.7,688.0,1272.6,1269.7,1442.9,1552.6,1520.5,3785.3,1130.1,1698.4,780.1,1147.3,1005.3,1074.8,1256.1,1218.9,1181.6,1054.9,1297.8,1127.0,845.0,824.0,1091.4,1493.9,1209.0,1945.1,1137.3,1472.9,1168.4,954.5,1315.4,1112.8,880.7,1265.1,1427.9,1374.6,881.2,974.0,1161.1,1287.9,1046.9,794.3,1423.9,826.9,1019.9,1309.7,1098.0,1543.1,1296.9,1383.4,1196.6,1189.1,1129.6,1196.2,1351.7,1305.0,1174.4,1872.6,1349.7,1887.8,1193.0,971.2,1112.2,1540.4,1559.1,1294.1,2134.1,1584.8,995.9,1673.9,1501.9,1740.9,1161.5,824.2,1214.6,1061.2,1321.2,873.9,811.3,1497.4,1027.2,1333.9,1182.8,1491.2,1045.2,1754.6,1098.5,1076.4,1111.3,1438.6,1013.4,1207.2,1111.3,1011.2,1229.5,1438.2,1189.7,1269.5,927.5,873.4,1524.5,1012.9,1053.0,1107.8,1178.4,1118.6,1468.0,1156.4,990.4,1726.3,1602.9,2275.6,1248.7,1074.5,1763.0,1090.2,2020.0,1276.5,1277.6,1274.8,1579.0,1085.7,666.4,1553.7,1883.4,969.8,1425.7,1532.9,1168.0,848.6,1065.1,742.5,1119.0,1380.1,1277.1,1059.1,1161.9,1160.2,1322.4,985.2,1598.6,1335.4,917.9,617.6,953.1,1782.1,932.3,1282.5,1503.9,1077.4,872.0,729.4,1453.2,867.2,1052.2,1159.5,1212.6,1475.6,1250.3,1134.9,835.9,947.8,1589.4,1528.7,1577.0,1045.4,1197.2,1052.5,1105.3,1268.2,1259.6,1165.0,1556.9,1412.6,1307.1,1118.2,1400.1,1054.2,933.1,1121.5,1082.4,1035.5,651.0,1332.0,850.3,919.0,885.1,1125.2,918.8,1449.3,1326.3,1070.2,1140.6,1381.4,1115.4,1224.8,1186.6,1650.0,1352.2,1361.5,1390.9,1344.4
GI_21361259-S,703.4,938.5,1661.1,927.9,784.3,892.4,902.2,667.2,579.1,1122.5,1632.2,1410.8,1259.8,1029.7,797.0,762.6,736.6,588.5,993.5,897.9,773.7,908.1,979.8,1142.7,1271.6,1385.3,1220.0,840.1,840.9,951.3,1026.0,1732.2,1363.9,728.2,900.6,905.1,1104.6,1224.7,714.7,1334.7,1514.9,1011.5,721.8,795.3,1011.2,1133.1,1941.6,2693.0,925.5,837.7,989.3,950.6,723.2,792.9,750.0,771.8,334.3,1115.2,1348.5,1295.2,893.1,1321.0,1643.7,1236.0,1257.6,1283.3,1259.0,1393.4,1059.1,1063.6,897.1,1421.7,1456.4,1168.1,1134.6,1475.4,912.7,875.8,908.9,307.0,385.0,591.1,826.1,366.6,348.9,499.8,492.3,435.9,389.4,322.4,360.6,233.3,633.8,369.6,451.4,409.6,342.8,316.4,387.9,375.8,296.0,2072.6,1123.6,1446.2,1400.0,1347.7,983.7,1209.6,950.5,897.4,881.7,555.6,973.0,833.6,1101.2,924.9,1291.0,1094.1,891.8,1079.1,1330.0,1076.2,1168.2,986.6,783.7,1007.0,1169.2,1097.9,513.9,947.6,1263.3,810.9,946.6,883.3,949.9,824.1,984.3,1362.7,2017.6,997.2,1190.5,1078.2,1530.6,1059.2,1623.9,989.9,1077.4,936.4,1011.8,928.5,1231.7,1175.2,733.8,1241.4,804.4,905.9,901.7,841.5,935.1,1229.1,1002.4,1064.2,841.6,1296.0,1045.2,987.8,2681.6,1263.2,1004.9,1272.8,1025.0,1143.0,1068.1,2028.1,1453.8,1095.1,880.1,1076.9,1023.5,946.7,943.8,891.1,1463.1,1017.3,1074.3,1011.1,1006.6,1167.7,1078.3,1003.2,925.7,231.2,834.4,776.5,1404.4,1720.8,1005.9,1845.6,1371.1,1054.2,1523.5,1137.2,675.0,889.5,834.7,740.5,1470.3,999.9,575.4,1128.9,710.7,830.5,1201.4,1434.0,836.2,1120.1,1006.0,1095.8,1025.4,814.2,1079.4,1137.2,1013.0,1244.6,995.4,988.9,989.7,910.5,757.2,1327.1,1200.2,1029.8,1139.8,1005.4,383.8,269.2,373.9,360.8,377.3,472.4,832.5,846.7,1478.3,1405.2,1045.6,763.3,1340.5,1079.9,1338.4,978.8,874.3,1182.9,1474.1,985.5,1647.2,1077.1,1119.2,958.0,1129.2,1088.1,1038.6,1577.0,1573.6,1334.8,1220.5,1212.7,1442.5,1130.8,1240.3,1033.2,927.0,971.3,854.2,1595.8,887.3,981.2,979.8,861.4,919.6,781.9,1115.9,876.1,691.5,1105.8,1207.2,1163.9,1264.4,949.7,1052.4,1315.7,1181.5,656.9,652.5,1940.6,1384.4,949.1,603.6,857.6,1084.1,1087.2,1134.3,3022.7,1360.0,789.2,874.0,739.7,1663.6,1169.7,713.4,1223.8,1268.6,550.2,1039.5,1647.9,1132.7,1363.2,1146.4,816.0,1032.4,1669.8,652.4,997.1,976.7,1206.2,877.9,708.5,853.6,1140.4,1808.1,1706.4
GI_21361339-S,65.2,55.12175,80.4,66.8,53.5,43.8,88.2,66.9,47.9,67.1,72.2,72.8,182.4,77.5,42.0,78.98175,110.5,70.8,57.1,80.4,72.6,56.2,43.3,44.6,73.4,76.10175,63.7,71.3,47.6,64.7,75.5,86.6,78.7,67.6,60.6,37.6,60.7,78.18175,59.6,69.1,75.7,54.6,67.4,60.9,101.0,58.6,82.7,77.4,58.3,69.1,152.8,61.0,56.8,70.6,41.5,114.0,258.7,205.9,194.3,94.9,70.6,52.2,80.7,87.6,73.6,87.2,71.2,71.6,56.2,82.3,86.7,95.1,67.58175,33.7,49.3,76.8,78.3,66.0,81.9,112.9,115.1,80.2,72.9,260.5,116.1,107.3,237.6,233.9,137.8,94.1,105.9,75.9,77.3,87.0,104.8,229.9,146.2,314.0,164.2,269.8,85.2,76.18175,63.4,90.6,64.5,78.92175,79.1,188.8,196.3,155.3,188.9,156.7,177.4,46.7,127.9,67.0,208.2,73.8,146.1,74.6,83.6,47.7,133.9,70.4435,166.6,76.7,168.2,102.8,254.1,155.4,37.6,90.4,49.7,75.0,58.8,73.3,236.5,56.4,192.1,130.9,202.5,182.8,141.9,170.0,77.1,64.6,176.7,169.1,197.3,165.1,138.9,111.2,45.9,62.5,150.7,106.9,123.7,205.2,211.3,172.7,53.7,74.9,65.9,101.4,59.6,71.3,50.7,77.5,64.5,82.9,85.2,73.2,32.9,79.1,74.7,52.7,65.7,53.9,42.1,63.3,47.7,50.0,61.5,50.3,46.0,105.6,70.4,66.1,66.7,82.8,68.3,44.2,81.1,47.9,80.0635,71.7,58.0,73.9,82.4,59.8,92.3,100.1,60.82175,207.8,68.4,104.5,39.0,72.4,62.8,77.6,67.8,74.3,95.4,55.3,72.9,57.9,77.5,69.5,70.4,72.3,60.9,69.7,84.3,104.2,97.3,162.6,157.7,146.0,99.8,90.9,70.0,52.1,90.3,51.2,99.5,178.3,123.6,122.8,100.6,63.4,64.4,64.2,80.9,56.0,67.4,84.8,57.4,77.9,89.2,89.0,50.7,47.7,64.1,105.8,70.1,67.0,77.2,66.5,90.9,77.1,66.4,80.0,69.8,60.8,94.8,56.6,68.7,61.1,85.9,68.5,67.5,71.4,45.6,65.6,73.2,80.5,73.6,115.3,85.0,69.8,80.3,53.0,61.4,89.4,62.3,63.6,73.6,54.8,63.5,64.8,89.0,82.4,73.6,73.7,93.0,70.1,42.9,48.5,55.4,87.4,86.8,91.9,56.9,62.9,65.0,58.0,66.5,66.0,43.0,76.0,73.8,86.0,89.2,84.5,72.8,151.1,73.0,87.4,68.3,69.0,46.0,50.8,67.3,65.6,66.3,48.2,72.5,68.7,73.0,70.4
GI_22749014-S,46.5,75.7,70.7,99.3,64.3,47.3,55.3,66.4,105.7,70.9,48.4,85.8,49.2,39.4,92.5,85.2,182.4,135.4,76.6,86.7,69.4,47.0,78.8,58.4,33.0,119.4,74.0,61.4,90.9,34.7,70.7,95.4,112.7,116.4,75.1,95.2,77.6,87.1594855305,78.2,127.8,99.8,74.1,90.4,74.7,80.1,92.8,139.7,238.5,135.8,90.6,93.5,86.5,147.9,27.3,65.7,69.5,160.8,63.9,96.7,114.0,85.3,97.4,35.4,38.0,79.2,58.4,116.5,153.7,147.5,60.5,56.4,75.6,70.9,56.1,69.7,149.5,95.8194855305,83.9,113.8,66.2,77.0,186.5,75.6,63.8,132.5,69.8,74.1,152.8,80.6,113.0,128.2,58.2,151.8,96.4,131.6,118.4,167.6,124.9,150.3,112.4,71.1,62.5184565916,56.5994855305,57.8994855305,54.8189710611,62.6794855305,118.1,77.8,53.7,62.2,88.7,129.2,77.5,85.4,47.7994855305,50.7,50.1394855305,65.0,61.5,121.5,75.0,38.2,33.2,68.4,33.9,61.7,91.3,74.8,165.4,101.7,66.6,92.8,86.6,133.5,64.9,138.8,31.8,55.9,47.2,40.3,54.7,59.9,138.7,75.6,107.4,62.9,90.3,31.1,35.7,47.5,102.8,67.3,135.8,109.2,102.5,65.5594855305,51.0,69.5,46.2,57.2,128.3,53.0,46.3,37.2,31.2,33.8,100.2,87.7,34.0,25.7,39.1,34.7,42.8,62.5184565916,43.2,52.1,55.6,75.5,29.2,64.3,22.0,54.6,31.8,59.2,44.0,76.5194855305,48.9,37.3,35.1,60.1,45.3,145.1,72.7,47.6,118.9,95.2,34.8,61.1989710611,90.2,69.2994855305,50.6,58.9,72.4,106.6,59.9,56.3,29.6,47.0,69.4,74.9,71.8,24.4,37.6,54.0,31.0,41.7,50.9,69.0,45.8,48.0,50.8,41.8,45.2,37.3,33.1,149.1,61.6,64.7,143.3,61.2,117.7,69.0,81.6,38.3,138.6,92.4,106.9,76.3,76.3,130.7,72.3,28.4,80.5989710611,53.1,54.1,76.0,33.6,42.7,100.9,47.0,83.1,77.6,47.3,46.0,66.7189710611,60.6,42.2,39.6,63.7,26.7,46.6,115.6,54.8,47.1,46.0,70.4,54.0,76.5,121.0,53.5,49.7,34.5,45.8,84.0,26.1,46.5,50.2,57.6,56.2,55.1,53.6,39.4,93.2,26.2,31.7,80.6,63.3,130.1,41.3,113.7,69.7,67.7,123.6,35.7,84.6,61.3,50.1,57.1394855305,142.4,94.4,79.9,92.1,35.7,30.3,37.0,30.7,68.5,45.8994855305,116.6,63.0,38.4,135.0,32.9,45.5,41.7,87.8,53.5,24.9,38.7,46.7,66.2,80.2,78.3,119.2,58.4,44.6,85.7989710611,33.1,54.1,50.0
GI_23503316-S,48.6,47.4910948905,51.1,47.5,48.4,47.2,67.9,59.7,56.6,34.8,55.5,54.2466423358,65.9,42.4,40.4,62.1066423358,58.5310948905,53.0910948905,65.0,49.1,91.0,72.4,24.8,67.4,67.8,59.6355474453,55.6,44.6,43.4155474453,60.5,43.7,39.6,66.4910948905,43.1,46.0,42.2,46.3,52.7355474453,35.6,54.5777372263,41.2,60.7,56.9,51.6,49.7,68.9,74.6,60.0466423358,55.0,46.6,38.7,61.9,54.5777372263,39.2,26.8,48.9910948905,54.5777372263,45.6,47.8710948905,55.3866423358,31.2,40.4,67.9,110.6,57.2,55.7,48.3,32.1,55.8,60.0,63.8,67.8,44.6555474453,40.2,50.5,50.1066423358,51.9910948905,59.8,51.982189781,30.1,34.9,33.1,48.2155474453,40.8,38.0,46.1066423358,51.262189781,54.5777372263,36.8,50.042189781,50.042189781,47.2866423358,51.3666423358,31.9,50.042189781,51.822189781,42.7910948905,50.282189781,51.262189781,51.262189781,31.2,63.5155474453,63.1,62.1755474453,90.6,50.6555474453,68.2,61.4,47.2,49.7866423358,29.4,52.962189781,48.1,43.9,62.7,68.9,68.5,51.0,37.6,41.6,42.3,55.2,50.1,47.9910948905,47.7,41.0,46.9,44.6,56.042189781,30.4,41.2,46.5,71.2,68.0,48.7,50.6,60.4,58.4,25.0,43.8,41.9,36.1,61.7,50.8666423358,38.2,45.4,50.2,47.3,53.6,45.1,34.6,37.9,35.9,45.3,31.3,56.0,44.2,45.0,44.3,37.3,47.9,56.9,49.9066423358,59.3,62.6,65.5,50.3710948905,61.2,54.3,59.5,46.9,65.3,33.6,67.3,42.6,59.0,112.6,34.7,69.9,73.2,68.8,33.8,67.0,47.8,58.3,55.1910948905,74.6,52.9,69.8,59.2,59.4,41.9,28.5,51.2,72.2,58.4310948905,43.4,66.5,66.3,62.8,54.7,33.1,38.2,34.0,62.6,49.0,65.6,53.8,41.1,29.5,58.1,67.9,65.7,110.0,41.3,48.4,59.4,56.6,56.2,91.2,71.1,77.9,64.7,60.0,72.7,50.5,56.9,60.3155474453,41.9,44.4,51.9,45.6,30.3,38.9,51.262189781,51.262189781,41.5510948905,29.4,39.1,32.4,47.8,62.7,55.1,59.9,74.3,60.7,62.9,84.9,42.0,77.2,48.6,61.3,53.9,55.6,56.9,56.6,54.7,57.7,45.0,55.3,63.8,71.6,62.5,64.8,60.5,43.4,64.0,43.2,39.3,58.3,72.8,43.6,72.3,51.402189781,64.9,62.9,66.4,66.9,81.3,49.4,62.7,60.6,35.9,70.0,45.8,43.2,72.8,45.9,58.7,39.6,75.2,54.0,58.4666423358,60.6,43.4,34.9,56.3,62.5,51.7666423358,55.8,46.8955474453,38.8,65.3,61.3,76.2,55.4,60.7,54.1,51.9,58.6,62.1,53.0066423358,53.6,49.8,68.2,62.4266423358,56.7,74.4,86.1,41.4,54.5,47.0,83.1,122.2,55.7,66.8,97.3,62.7,73.4,71.6
GI_25121967-S,249.9,149.2,214.2,231.5,322.7,257.4,89.6,97.5,96.3,170.4,171.3,291.9,285.4,197.7,232.8,183.6,108.5,123.543641975,79.3,122.0,119.7,230.9,297.8,175.4,147.6,324.1,216.2,162.1,297.6,256.3,299.8,132.7,137.5,183.6,301.6,366.8,249.8,325.3,189.9,167.2,184.4,269.9,408.3,225.7,253.3,280.9,127.783641975,49.1,63.6,110.5,175.8,65.8,112.2,193.7,215.8,121.0,572.8,349.8,144.1,129.3,355.6,265.0,198.0,163.0,375.1,251.5,344.3,242.0,272.5,185.8,49.7,262.8,211.6,151.4,111.3,144.443641975,124.7,295.9,115.1,364.6,305.4,359.6,268.3,305.2,303.5,332.1,397.3,367.3,297.0,337.4,622.5,325.5,401.4,413.8,385.6,394.1,446.2,518.6,509.7,323.3,101.1,224.2,381.7,393.4,221.6,392.6,220.2,223.383641975,285.9,80.3,264.0,97.6,273.9,80.1,200.6,249.7,275.8,181.1,198.3,257.7,266.4,281.0,219.2,124.5,156.7,223.6,307.4,202.0,167.6,436.3,118.7,160.9,352.9,260.0,134.1,142.823641975,334.4,234.7,152.2,297.7,190.0,321.7,60.2,169.4,93.2,99.9,55.6,200.4,252.1,208.8,184.1,122.7,47.1,181.5,111.1,200.7,225.8,323.6,193.1,267.8,298.9,206.6,167.0,219.5,259.7,222.2,449.7,231.8,238.1,248.4,225.2,249.8,257.8,271.1,218.8,213.8,242.8,201.1,203.2,191.6,243.5,118.8,199.6,206.7,201.2,154.2,190.5,215.9,188.2,189.7,189.6,165.987283951,317.4,223.6,109.8,130.1,201.6,153.6,186.7,127.0,246.0,231.3,215.0,305.8,155.8,211.8,134.4,237.3,73.4,271.2,131.4,87.4,239.7,241.1,323.3,300.3,259.0,178.6,306.8,201.0,227.7,155.6,275.2,311.6,293.6,273.0,208.4,372.5,131.3,368.7,219.8,212.4,464.0,222.6,403.3,366.1,349.3,227.4,331.9,336.0,326.4,207.1,174.6,205.2,192.6,206.4,220.0,173.0,295.0,193.6,274.6,223.8,210.2,280.9,177.9,226.7,160.7,209.0,245.4,192.4,264.8,73.1,146.6,182.7,221.0,266.5,163.9,130.1,189.1,213.2,162.6,341.6,246.7,115.1,307.1,293.3,161.5,141.4,191.1,198.8,247.7,187.6,262.7,271.3,233.5,275.1,219.8,360.5,169.1,210.3,234.3,173.9,173.1,162.0,328.1,248.1,276.8,210.3,238.0,152.6,397.0,56.6,249.7,211.6,190.4,181.2,233.4,254.7,152.6,127.8,183.8,134.1,213.1,180.6,168.2,213.9,198.5,95.2,237.3,290.6,143.1,180.6,26.1,104.7,233.1,204.4,269.1,208.7,184.1,224.1
GI_27754148-S,356.6,252.0,156.4,352.8,255.2,274.6,216.7,235.2,269.2,200.3,225.3,307.5,487.1,198.8,260.8,355.8,234.7,265.8,217.0,332.5,220.6,314.2,298.9,313.3,281.9,229.2,276.4,263.1,283.9,213.0,165.3,199.5,170.6,236.4,312.1,297.6,271.2,308.5,176.4,278.4,284.3,324.7,308.5,220.8,162.3,263.4,516.0,393.9,311.8,225.6,336.8,368.4,278.0,424.6,455.0,441.9,880.8,519.1,414.9,179.6,339.8,302.5,190.5,375.3,259.2,293.9,279.4,295.0,320.4,266.1,204.8,232.9,278.1,360.8,346.0,250.6,315.8,261.8,196.4,518.2,359.0,388.2,373.6,458.0,717.9,534.9,638.7,512.4,362.7,532.4,595.7,747.9,684.0,526.9,551.1,683.3,246.2,586.9,615.1,591.8,697.5,162.5,281.5,301.8,350.2,291.4,312.5,370.7,565.8,412.2,407.1,443.9,336.1,153.4,311.0,308.3,361.6,333.8,376.0,308.3,314.1,221.6,476.3,256.0,324.9,181.4,370.2,289.7,388.6,348.2,253.2,325.3,303.8,488.9,256.6,249.5,299.2,202.8,403.5,362.7,298.7,348.7,383.9,349.4,285.5,346.4,240.0,318.2,324.5,341.2,339.4,294.7,295.4,260.1,202.9,451.6,373.4,336.2,359.0,235.7,217.6,255.0,288.7,317.4,200.4,278.0,237.3,191.1,247.5,181.0,237.8,313.3,347.1,132.5,184.7,344.9,323.9,233.5,410.1,420.5,293.5,256.4,279.8,250.2,251.8,417.1,336.1,309.5,310.3,253.5,347.2,185.5,247.1,327.2,225.4,199.0,393.9,150.1,275.1,218.7,236.6,544.8,297.9,313.7,341.3,357.7,386.7,552.3,314.0,401.5,296.4,363.2,211.1,394.1,343.3,323.6,348.8,363.2,351.0,381.8,345.4,292.5,263.1,287.2,540.7,572.5,498.5,527.0,178.4,351.9,594.7,348.0,414.5,318.6,883.3,950.9,850.1,760.2,889.3,689.5,291.0,266.7,204.4,236.1,211.2,355.2,310.1,181.0,297.1,259.4,618.1,260.6,110.2,308.0,155.0,267.7,275.1,291.1,285.0,500.9,304.0,425.0,236.0,289.9,253.4,476.6,302.2,474.9,186.3,269.7,675.7,368.4,541.1,338.9,371.7,346.9,280.3,331.6,367.8,559.0,311.8,281.5,315.1,141.1,371.5,252.3,273.2,252.5,315.8,285.4,247.4,354.8,565.4,258.5,273.6,154.2,565.6,382.0,559.8,245.2,323.1,214.0,249.3,217.6,273.6,265.7,683.6,246.7,565.2,413.1,498.6,550.5,416.7,451.6,571.3,748.1,463.9,228.2,310.5,357.8,291.4,232.2,124.9,178.1,260.3,570.8,586.8,261.5,195.2,268.8
GI_28373193-A,572.6,482.1,822.2,383.8,246.5,367.2,502.1,389.6,357.7,435.1,490.5,385.6,455.3,387.2,337.4,416.8,400.0,377.2,386.5,397.9,426.0,439.4,309.2,402.7,459.1,492.0,613.7,383.5,380.0,442.2,390.0,458.1,415.2,333.5,326.1,368.1,401.5,401.8,425.2,462.5,469.5,524.2,431.9,439.0,507.8,692.9,597.3,604.2,399.1,418.8,398.9,493.9,581.7,328.4,329.7,517.6,655.1,399.4,419.9,615.9,356.3,582.0,643.4,703.3,673.4,546.6,665.8,757.1,544.4,407.3,347.5,651.8,475.2,344.6,379.3,333.4,360.2,492.6,515.6,435.2,553.9,868.6,433.8,609.1,553.0,326.5,630.5,596.4,684.4,435.9,423.5,395.1,516.7,511.3,484.9,406.0,712.9,721.3,567.8,319.7,651.0,461.2,469.9,532.4,586.0,498.0,547.6,525.3,467.0,409.8,460.6,441.3,374.8,506.4,294.0,579.2,395.2,828.3,377.1,683.7,506.0,496.3,389.8,512.7,347.5,504.4,428.8,431.1,482.9,471.4,499.0,437.4,529.8,475.2,462.4,434.5,413.1,508.7,338.1,251.7,502.6,339.3,378.5,378.3,446.6,314.5,437.9,339.2,323.6,343.1,399.4,251.1,311.2,636.1,365.1,187.4,348.1,399.3,378.9,389.0,471.7,454.4,400.9,534.7,404.1,499.8,522.8,517.8,436.5,461.2,486.6,435.2,238.2,641.5,526.7,454.7,518.0,420.9,409.4,471.2,302.3,361.5,389.5,519.8,411.1,294.4,532.1,394.4,436.7,573.6,458.7,385.0,379.1,299.5,489.3,494.2,256.3,473.7,570.1,380.1,691.7,489.4,245.4,370.4,424.2,366.7,338.8,205.5,284.1,416.2,346.3,280.4,493.0,628.2,341.2,447.9,543.4,549.9,314.3,484.2,464.4,615.8,421.3,465.1,368.2,381.1,380.1,417.9,643.6,459.3,409.9,513.2,436.2,295.0,444.2,432.0,345.0,574.0,384.3,662.8,364.1,402.8,496.2,570.6,566.6,433.4,542.7,544.6,484.4,421.2,397.6,502.4,440.4,529.7,546.8,485.0,478.6,333.0,461.5,428.6,389.4,547.8,521.9,465.3,523.7,434.8,468.6,344.5,619.3,467.4,283.7,257.6,499.6,354.3,388.3,479.8,368.8,502.0,386.3,395.1,541.9,373.7,367.1,489.0,341.3,516.1,652.3,310.2,526.6,384.5,451.1,224.9,355.0,499.3,533.3,545.4,223.2,355.7,521.3,599.8,529.3,538.6,581.2,394.3,416.1,297.8,571.8,482.8,323.2,435.6,374.6,329.1,335.6,489.2,351.0,550.7,292.9,463.6,368.6,370.3,391.5,427.1,381.6,407.0,549.0,396.5,323.6,487.6,709.6,681.9
GI_29543553-I,976.0,874.6,1104.8,1286.7,989.4,969.9,1242.2,1378.4,1129.6,1302.9,1206.6,930.7,1168.9,1107.9,1072.3,1142.5,1025.3,1074.0,1394.1,1505.5,1263.1,1223.8,1321.6,1623.3,1199.6,1303.2,1223.0,1353.8,1196.1,1095.1,1288.3,1216.5,742.2,966.2,1223.7,1158.9,1188.7,1290.9,1209.4,948.2,998.6,1117.1,962.4,1190.1,982.1,1277.4,808.0,602.4,807.4,969.9,882.8,829.2,1049.1,1128.2,1013.5,986.5,1804.3,917.4,778.2,1102.3,1016.0,1252.2,1487.5,1462.5,1230.9,1228.9,1291.5,1264.0,1189.6,1665.3,968.3,1159.2,1126.2,1443.3,1158.9,916.6,1342.2,1132.9,1033.3,2138.0,2480.5,3077.8,1932.1,2149.5,2298.0,2402.8,1803.3,1422.9,2579.7,2424.2,2832.2,1904.4,2861.8,2196.3,2474.7,2028.3,2349.4,1616.8,2314.7,1359.2,3599.6,1767.5,1168.2,1323.0,1451.2,1190.7,804.9,633.7,856.2,1002.4,976.4,576.0,930.9,1348.8,1214.6,1369.1,1154.5,1554.0,1046.4,967.1,1155.9,1312.7,1085.4,1208.9,1108.6,1103.7,732.1,965.9,764.9,770.0,1208.5,1107.0,1226.7,1411.7,1540.1,1052.0,1196.4,1328.4,842.7,1018.1,987.4,812.5,991.5,1067.8,974.2,1155.6,814.7,976.7,1033.6,1070.9,1167.7,828.8,1278.6,1509.2,796.5,1242.6,1125.7,841.5,1028.4,950.2,894.4,1114.2,1353.7,1238.4,1317.3,1072.4,2441.0,1001.0,1223.2,1067.1,1579.9,1087.1,1238.0,2167.0,1461.4,1562.3,1650.1,1444.7,1426.1,1340.1,1444.4,1666.2,1767.0,1440.6,1455.7,1339.7,1806.0,1373.7,1320.7,1706.2,1410.4,1296.2,1429.9,1102.0,1248.8,1518.3,1043.5,1691.8,1365.5,1467.6,1510.1,960.5,1053.5,1148.2,1026.0,1051.2,1209.6,1087.5,1362.3,1019.4,1219.4,1567.8,1611.3,1851.4,1243.0,1260.3,1214.5,1344.7,1139.8,1191.8,1176.1,1522.3,1213.6,1248.5,1464.1,1338.4,1326.0,2420.1,1757.6,1637.9,1207.0,1458.4,967.3,1671.6,2183.4,2813.7,2268.0,2468.8,2639.1,2764.6,1139.9,1164.6,1505.7,1384.6,1334.2,1648.3,1393.6,1500.8,2054.5,1464.4,704.2,1501.3,1449.8,1174.3,1708.7,1302.9,1192.6,1119.4,1532.6,1251.5,1250.5,1198.0,1583.8,1466.1,1695.4,1171.2,1547.7,1113.6,1597.9,1864.2,1348.2,972.8,1031.9,1842.6,983.5,1172.6,1490.7,1231.9,1093.6,970.9,1437.8,1076.9,826.0,1500.7,1504.4,1296.0,1535.9,1626.4,1232.5,1845.1,1596.9,1395.7,1043.0,1132.1,1383.6,1511.0,1345.4,1272.4,660.6,1594.3,1379.5,1486.5,1539.6,1680.5,1243.5,1118.4,784.5,1214.7,1529.1,1423.3,882.7,1530.7,992.8,1323.3,980.1,1263.5,1436.4,1502.6,1438.9,1416.2,1291.1,1232.2,1048.6,649.5,1248.7,1015.9,1120.5,1223.9,1505.5,1281.8
GI_31083295-S,32.6,56.0937931034,54.835862069,63.1517241379,69.5,38.8,34.9,37.8,48.5,52.295862069,48.7,61.4137931034,106.4,100.2,44.8,39.6,73.7,70.0117241379,58.5937931034,50.695862069,58.5937931034,52.4,38.2,28.1,46.9,55.635862069,36.4,37.2,53.975862069,61.9,84.6,70.0117241379,39.9,54.3,64.8,59.8,40.4,60.835862069,68.0,69.395862069,53.6,35.2,70.6,58.5,44.1,40.2,68.8517241379,68.8517241379,64.435862069,56.5,77.7,68.8517241379,76.8737931034,49.5,39.4,75.7,144.8,112.6,98.6,62.8917241379,54.6,29.6,95.5,59.7,49.1,44.4,52.9,45.0,31.7,51.255862069,67.1,44.3,48.8179310345,33.9,37.9,62.8,57.615862069,63.6,66.3937931034,66.2,50.1,45.1,55.7,216.3,59.0,56.8,163.7,142.1,85.7,46.5,48.7,50.7,48.2,56.0,102.4,196.7,109.7,191.2,79.4,146.6,68.0,78.475862069,64.7,57.6379310345,43.3,45.8379310345,48.4,85.1,118.3,82.6,100.8,86.6,139.4,27.5,129.7,58.6,190.4,45.9,110.8,38.1,56.2,44.7,123.7,57.6937931034,112.9,49.7,72.5,72.2,67.9,127.3,46.3,71.3,44.3,60.4,29.6,53.2,181.8,42.6,120.1,129.2,104.3,139.1,73.7,90.5,60.8,47.9,70.7,121.0,163.3,114.9,92.1,103.9,39.2,39.0,101.4,98.0,91.9,115.2,104.2,128.0,72.2,45.9,71.5,35.3,67.9,64.1,175.9,58.2,67.0,101.7,38.0,68.5,53.2,78.475862069,56.7,33.2,68.9,40.3,61.5,43.1,77.7,64.5,38.4,28.4,36.0,60.5737931034,42.1,37.6,61.6,67.8,52.9,57.8,48.3,41.4,82.6,77.3,82.6,92.4,53.5,46.5,55.6,44.8,53.5,138.0,53.4,134.9,38.7,50.6,63.4,63.4,47.1,72.4,90.4,32.5,82.6,66.4,61.2,44.5,70.6,45.7,44.6,38.2,65.8,102.8,91.1,76.3,103.6,125.2,56.8,99.5,49.8,53.2,122.3,44.1,92.7,127.2,110.7,83.8,175.5,38.2,47.5,65.3,57.2,41.3,45.8,49.3,43.1,58.3,84.8,50.2,30.6,32.2,93.7,66.9,102.2,45.3,63.6,59.1,68.0,55.8,44.6,62.8917241379,42.1,31.2,79.3,54.9,41.4,61.1,52.9,32.8,70.3,183.1,47.9,68.0979310345,91.3,72.4,41.8,89.0,69.1,84.2,52.5,49.7,39.3,99.0,50.7,47.9,65.0,65.1,44.8,68.1,44.9,62.0517241379,63.6917241379,57.7,66.5,75.6,34.3,58.1,64.1537931034,53.6,52.5,45.0,50.3,73.4,54.0,59.0,47.2,53.0,68.915862069,40.0,54.2,74.2937931034,120.8,63.1,70.0,45.1,59.0,62.4,51.6,76.9,33.8,58.8337931034,48.2,39.9,38.9,62.035862069,65.115862069,56.0,62.6,55.6
GI_31377840-S,480.3,901.2,1141.7,971.5,315.7,596.1,1958.7,1445.2,1480.4,963.5,768.7,691.0,807.8,335.1,869.8,1288.4,792.3,1261.3,1502.9,1349.5,1382.6,885.4,779.5,833.9,1220.2,439.4,1646.9,1018.8,788.3,303.1,399.6,1064.6,844.3,508.6,655.2,675.6,893.5,770.9,678.8,2009.8,1198.6,737.9,328.4,466.3,680.8,816.0,3047.8,2285.9,1206.7,791.2,1300.7,1573.7,941.8,272.3,564.3,1745.3,2136.1,1126.0,1864.4,1415.2,511.2,867.0,516.5,367.9,700.3,518.0,536.0,1231.3,1588.7,848.6,710.4,896.5,902.3,897.7,390.8,1016.5,920.6,596.3,964.7,703.4,768.4,2141.0,749.0,1114.5,1587.9,678.6,1576.3,2073.9,485.6,941.1,1134.8,746.1,1056.6,1004.5,688.5,672.1,927.0,2584.6,1666.7,1910.7,1051.7,897.2,318.1,580.2,391.9,308.5,880.4,1497.8,756.9,1713.6,668.9,1254.2,995.7,1256.0,470.1,618.8,486.7,728.0,1024.7,1179.3,1799.9,550.9,960.4,1261.2,1135.5,674.2,593.2,426.3,3058.0,673.2,899.9,1390.0,339.1,484.9,1020.5,966.0,532.3,1056.0,1355.4,777.2,921.7,510.2,1620.9,783.4,850.2,886.5,1258.8,646.5,371.3,850.7,1605.1,1080.4,1321.8,1395.0,727.8,958.2,705.2,666.5,1321.0,714.6,603.0,595.2,1162.8,297.9,448.4,360.3,399.1,384.0,371.2,229.6,367.9,377.1,419.9,758.0,591.3,423.9,258.4,474.2,279.6,410.4,273.2,447.5,687.4,431.7,528.6,549.9,462.5,463.8,343.6,381.5,400.6,852.5,689.3,461.3,1159.9,1107.9,430.3,676.3,692.0,560.6,479.7,489.7,538.0,669.0,558.6,297.7,440.4,451.1,1433.9,396.0,1105.2,233.3,494.7,449.6,196.2,309.0,359.2,689.9,215.7,334.8,315.8,881.2,277.6,364.9,558.1,899.6,421.8,336.8,635.5,259.8,628.3,492.7,439.0,469.0,932.3,1073.2,453.3,501.0,464.9,808.1,648.1,208.7,860.2,639.9,873.3,878.6,608.2,973.7,634.4,485.1,542.8,417.1,990.7,305.7,1130.4,550.3,537.3,194.3,609.2,812.4,486.4,1124.2,568.0,811.8,375.1,451.7,623.1,1141.2,906.3,595.2,481.7,202.0,186.8,1277.9,152.9,365.8,945.5,457.9,208.7,205.1,951.2,363.6,483.2,378.9,306.1,635.0,540.8,217.1,669.6,612.9,894.4,443.4,544.5,668.1,621.5,615.9,196.7,314.5,536.3,742.6,625.1,1125.8,548.8,258.2,647.0,243.4,328.6,402.6,758.0,567.7,304.4,1851.0,273.0,345.8,351.4,942.4,388.5,1157.6,366.3,277.3,932.7,641.1,658.1,795.4,599.1,908.9,731.1,641.5,554.6,502.0
GI_31442419-S,23.2,69.2,59.781958042,40.2,60.0,53.2,108.0,61.2,68.6,46.0,43.8,56.3258741259,44.9,31.7,56.8,58.6,82.3,86.7,105.4,73.6,84.1,63.0,67.8,49.3,58.9,50.4239160839,69.7,69.8,69.4,32.0,42.8,80.7,124.6,69.3,75.0,75.9,72.8,47.0239160839,60.9,138.3,112.8,42.0,26.4,39.4,52.2,28.3,217.2,361.5,146.7,69.4,103.7,102.8,77.7,38.3,68.6,81.3,164.1,56.4,158.7,76.0,56.7,45.6,25.7,16.0,38.1,47.0,43.2239160839,41.1,90.3,79.7,38.1,60.7,72.8,86.3,35.5,135.8,94.6,48.4,86.6,51.0,45.8,95.9,46.2439160839,89.6,142.7,68.3,135.5,99.2,36.9,85.0,133.0,104.6,122.0,90.1,66.1,42.7,48.2,95.5,135.4,152.4,56.0,50.9058741259,31.201958042,32.841958042,31.7,51.5839160839,64.5,53.1,40.3,105.2,40.8,75.6,52.7,67.6,36.2,21.5,30.1,26.8,73.1,64.5,84.6,27.2,93.0,59.981958042,71.8,38.5,77.1,39.0,71.0,69.0,75.5,92.0,19.0,29.5,72.5,38.0,43.7,71.5,192.2,58.0,51.2,57.9,149.5,57.2,140.2,86.2,96.1,68.9,42.3,47.8,90.3,108.0,190.2,47.3,90.9,113.1,47.3,46.3,91.0,76.8,94.8,48.7,62.0,36.6,25.2,29.4,55.9678321678,45.2258741259,30.8,22.4,43.9239160839,41.0,49.1,50.9058741259,37.1,21.8,18.8,36.6,19.8,31.1,31.2,34.6,28.2,33.5,38.8,62.8878321678,62.3239160839,42.4,22.6,17.3,18.4,40.2,47.1,53.2,58.2097902098,56.3478321678,50.7,40.2639160839,31.5,51.0,21.4,43.3,81.6,60.361958042,36.6,25.4,46.6,34.3,63.0,52.5,67.5,28.481958042,24.5,31.1,10.6,24.7,43.6858741259,43.6,22.0,28.441958042,23.1,26.4,22.3,36.6,38.2,41.3,26.6,38.081958042,51.8,30.7,68.8,39.4,46.9,63.5,57.8,46.4,41.5,39.7,35.5,50.4,61.9,38.4039160839,47.6858741259,24.3,55.7258741259,38.8,33.5,31.0,44.8839160839,27.9,65.6,48.2,48.9,41.8839160839,50.9058741259,33.1,31.0,14.1,40.7439160839,48.3,49.3,65.0,35.3,44.6,17.7,31.1,40.501958042,88.2,32.0,33.4,52.3,31.8,33.9,114.6,25.4,27.7,56.7,44.7258741259,37.1639160839,27.7,30.6,24.0,33.3,21.2,27.1,23.7,19.1,30.2,32.041958042,45.9658741259,26.3,71.1058741259,58.2878321678,50.7,30.4,26.8,24.3,31.8,58.6,50.1,45.7458741259,80.6,25.5,19.8,34.6,45.9439160839,52.3,41.0839160839,64.7,35.8,32.2,132.4,28.2,41.2,36.6,59.0458741259,25.6,34.3,20.3,50.3,38.9,57.2,47.7,79.4,31.5,65.4,55.6639160839,37.6,25.0,26.5
GI_31543197-S,109.3,195.8,219.4,189.6,143.0,104.7,174.9,267.4,184.8,184.2,243.2,193.4,118.4,107.2,267.8,190.8,307.6,402.6,196.3,287.9,171.5,97.9,186.0,116.1,162.3,175.5,176.1,175.6,169.4,113.4,159.0,180.3,203.5,243.4,154.3,174.5,202.0,132.2,199.4,284.8,256.6,128.7,144.8,165.8,223.0,119.6,203.1,210.2,303.2,199.9,232.4,166.7,128.9,234.3,171.2,201.9,214.7,184.3,192.3,238.5,185.1,137.4,164.3,111.0,148.6,140.3,187.1,260.6,219.6,174.1,119.4,174.3,237.6,141.7,123.3,311.5,187.5,89.6,249.6,131.3,92.5,157.6,134.6,160.2,171.5,135.3,166.6,216.4,119.0,174.7,245.6,126.6,252.5,227.9,219.2,226.2,188.7,218.6,248.7,234.6,842.7,110.6,110.5,103.5,159.3,226.4,154.0,112.8,151.8,206.3,248.5,281.9,217.9,224.5,134.9,113.0,121.0,223.5,192.0,184.6,131.7,101.7,117.6,191.5,254.2,148.1,148.8,196.8,361.6,184.5,122.5,233.8,109.4,206.2,177.3,168.3,156.3,94.8,168.2,154.1,167.2,183.1,313.5,211.7,166.1,113.8,235.4,111.7,154.3,203.7,227.6,159.6,308.8,189.5,239.9,154.5,176.5,166.3,228.5,161.0,233.2,108.0,112.9,132.4,85.7,96.4,63.8,121.2,85.8,126.2,97.6,92.6,85.6,130.5,131.5,125.6,211.5,187.3,120.4,105.0,104.9,165.7,92.0,146.6,120.2,150.4,133.9,147.9,105.7,249.9,149.9,189.6,186.6,83.3,177.1,155.7,77.0,115.6,169.1,148.3,229.5,161.3,112.2,267.7,129.3,146.8,107.8,134.9,311.5,121.7,111.3,112.4,93.6,106.5,175.2,107.6,81.9,139.5,111.9,79.7,106.4,109.1,90.0,113.6,126.1,213.8,112.0,634.2,292.3,139.7,183.8,166.7,250.6,136.8,190.0,135.9,214.0,133.7,146.9,167.2,125.9,97.1,108.1,130.5,167.8,112.4,133.3,98.3,83.4,86.3,155.0,108.8,90.2,148.0,130.5,144.0,115.3,111.0,120.9,138.0,118.7,113.8,115.5,142.9,100.5,165.6,102.7,108.1,182.2,104.7,88.2,180.7,110.4,148.9,106.9,127.8,125.8,112.2,81.6,116.8,93.0,113.1,143.3,94.5,127.4,142.4,106.8,213.9,104.5,127.6,124.4,113.3,116.8,93.9,164.4,104.9,79.9,68.3,192.6,162.0,137.8,113.7,83.2,110.0,95.0,127.4,200.5,128.5,221.6,114.5,123.2,262.6,110.3,142.4,87.3,195.5,138.2,133.0,71.9,153.0,141.2,111.6,99.2,145.4,116.6,90.4,70.3,136.8,145.4,131.0
GI_32698691-S,563.2,1226.7,915.3,995.3,814.7,794.3,774.4,827.9,772.1,883.8,519.8,1049.5,719.6,747.5,1342.3,1111.3,1508.4,1476.1,1005.7,1128.9,1102.5,592.9,1304.2,549.0,464.4,1192.1,928.0,956.1,896.2,701.8,1018.7,1084.0,1027.6,1080.1,965.9,1390.6,1162.9,849.7,1030.9,1934.7,1531.0,814.8,967.0,926.8,1049.6,639.0,1544.6,1693.2,1997.2,1180.8,1285.7,1278.5,815.1,559.6,1083.4,1515.2,2513.3,1072.5,1371.7,1264.3,1262.6,809.3,591.0,341.6,1030.5,688.5,997.9,1137.1,979.0,1094.1,403.6,946.6,972.2,989.3,634.8,1368.1,1303.2,416.8,1096.6,996.3,1005.2,1709.2,1113.8,1146.0,1732.7,875.7,1564.6,1720.9,1062.4,1210.5,2156.7,962.9,1821.6,1473.2,1357.5,1200.7,2170.9,2120.4,1414.4,1478.0,1002.1,952.5,856.8,651.0,418.3,1056.9,698.6,748.5,642.6,1300.5,1069.8,1436.4,695.5,1139.1,558.3,509.5,482.4,487.9,891.9,1468.3,995.0,607.1,702.5,1177.8,765.8,635.8,959.9,808.0,1664.4,1021.5,1184.0,1309.1,868.4,766.5,1201.4,1082.9,1010.3,833.5,912.9,1127.8,809.9,865.1,1644.9,1099.1,1411.3,883.0,1327.0,668.5,786.6,911.5,1440.4,1125.6,1240.7,1290.9,1355.8,1281.7,1256.9,996.4,890.2,1096.2,1046.9,701.1,919.8,610.8,496.2,544.4,821.6,647.2,663.7,578.6,699.2,560.8,658.4,647.3,898.0,685.1,431.3,1175.9,472.3,596.5,571.6,894.5,581.8,720.1,895.9,964.2,796.6,1170.0,497.1,632.1,497.7,695.7,937.1,593.8,1146.9,922.8,498.6,643.4,873.0,694.9,638.0,1258.6,1084.5,926.8,952.9,590.1,672.4,547.1,1050.3,645.0,909.6,465.5,572.5,751.0,577.6,636.1,432.4,1113.8,594.0,490.0,546.4,432.8,717.2,729.5,572.9,1431.8,747.5,1290.7,1451.0,772.8,999.8,1259.5,1439.9,631.3,1563.9,1196.1,1258.0,1095.3,954.8,1658.5,903.5,659.3,637.4,561.1,859.3,954.1,534.1,518.4,1031.7,606.8,863.7,1158.3,1190.1,530.9,659.6,671.5,527.4,356.5,564.3,784.9,738.6,1312.2,603.0,702.4,554.6,623.3,588.4,822.8,1025.8,754.1,468.4,684.8,639.3,1078.9,650.1,616.6,682.3,347.0,541.1,459.4,691.7,559.3,597.1,656.7,601.7,947.8,536.8,1192.1,379.3,876.2,641.6,737.1,1009.9,582.0,1024.2,874.1,479.4,655.2,1308.2,1235.1,1095.5,879.4,486.3,747.6,609.9,570.1,880.3,593.9,1660.2,698.9,481.5,1801.9,443.1,703.4,595.4,939.4,653.6,768.4,725.9,790.5,778.6,1216.4,707.1,933.1,799.2,692.3,956.1,573.3,548.3,637.9
GI_32698961-S,558.5,708.6,997.5,1557.3,586.6,940.6,931.2,752.7,1016.6,641.1,735.3,818.3,599.8,352.5,600.1,1785.4,1013.5,1214.8,976.8,1196.8,1223.6,1070.4,356.7,1411.5,1225.2,689.6,1320.7,748.2,494.9,426.7,430.7,616.3,670.0,705.7,1142.7,468.3,1157.6,1026.9,218.1,1421.9,1357.1,1069.8,500.8,542.5,672.3,424.4,1527.8,958.3,810.5,550.2,603.6,1738.7,418.4,451.6,750.3,1252.0,749.4,870.1,882.4,675.9,574.6,903.7,456.3,80.1,565.2,150.6,467.8,644.5,1678.1,902.8,164.4,573.0,1203.5,1414.8,423.1,802.8,743.3,789.9,556.5,223.9,472.3,990.6,848.1,429.3,535.1,649.2,719.4,661.9,349.0,577.2,698.9,1026.2,1108.8,664.9,553.8,428.3,383.4,819.5,1032.0,770.5,585.8,422.3,276.4,485.0,516.3,517.8,490.8,592.6,684.6,1036.2,860.0,701.6,626.5,142.3,436.3,503.8,404.4,134.3,617.4,1140.0,977.8,701.1,569.8,1107.8,679.9,846.8,645.5,241.4,1702.3,567.9,522.2,625.1,420.0,461.6,1024.2,289.2,543.8,1384.9,663.3,810.3,656.9,541.5,865.5,479.7,563.8,836.9,494.7,622.8,447.4,715.5,1210.0,810.0,1049.7,626.4,481.4,924.9,762.1,853.7,1109.1,362.8,436.7,459.8,658.2,409.6,517.7,436.2,740.5,227.0,443.4,96.9,251.8,642.6,365.0,561.0,356.9,581.9,340.8,328.3,99.0,366.4,487.9,573.4,922.9,460.1,308.2,528.5,445.5,526.3,593.7,430.6,291.2,620.3,723.2,838.7,536.4,423.7,582.4,402.0,315.8,182.6,424.6,402.4,638.4,478.2,260.4,362.8,406.7,903.1,777.4,415.2,674.7,211.3,278.7,577.3,333.5,235.6,325.9,511.3,284.7,496.7,223.5,676.2,246.6,375.6,572.2,855.3,281.6,418.4,475.8,311.0,152.8,558.4,220.8,919.4,618.7,565.3,312.2,267.1,577.5,618.7,506.7,191.0,596.6,703.8,556.0,842.9,851.2,689.7,814.1,427.5,587.2,513.0,355.2,394.7,598.5,620.1,381.1,291.4,391.2,775.7,736.1,326.9,243.7,587.1,82.6,505.6,399.8,1255.0,392.5,865.4,844.0,370.1,215.0,1411.9,295.4,228.8,870.1,321.2,221.8,375.9,261.2,412.8,404.4,432.0,432.6,712.7,439.6,188.7,528.2,374.9,483.6,499.3,365.1,354.9,547.0,277.9,554.0,432.9,703.3,311.7,148.3,526.1,350.2,369.9,740.1,439.7,106.5,491.1,662.1,406.8,379.8,1420.6,379.0,336.0,598.6,259.7,485.5,510.4,336.2,346.5,976.7,425.5,224.6,371.1,719.4,1174.6,1071.4,1093.2,377.3,327.3
GI_34147356-S,157.0,191.7,232.7,177.2,196.2,173.9,113.6,130.9,106.6,146.0,177.3,171.8,287.6,232.6,137.1,174.0,88.6,174.4,121.0,129.3,152.9,207.8,156.9,213.0,145.0,193.3,146.5,187.9,193.0,187.1,159.3,152.2,92.2,104.8,124.8,86.3,115.8,118.2,140.6,87.7,99.2,128.1,146.8,141.4,122.8,165.7,107.4,90.5,119.5,125.1,172.9,94.0,196.0,207.6,145.1,150.5,48.7,168.5,126.3,165.1,139.2,165.3,323.9,231.8,205.4,280.2,174.9,180.1,154.7,200.1,123.4,239.3,228.1,196.2,227.5,117.7,229.7,237.1,137.5,52.3,61.5,19.6,72.9,57.4,34.8,49.9,42.4,105.374311927,54.9,51.1,80.0271559633,67.1,51.4,43.0,40.3,46.3,41.8,99.2543119266,46.4,49.9,62.0,161.2,279.0,205.0,312.3,314.4,195.8,113.1,210.3,126.1,184.6,91.1,217.6,119.2,317.3,225.7,360.3,222.5,166.3,110.7,142.9,188.9,256.0,137.0,179.8,126.3,217.3,156.6,97.2,201.5,172.1,169.1,236.4,306.0,178.2,186.0,238.0,189.1,147.7,190.2,183.5,162.0,89.1,138.4,113.0,137.1,97.1,203.6,248.4,151.5,79.0,144.3,55.1,103.1,214.5,176.5,191.9,151.9,190.2,172.7,216.1,239.4,205.1,452.5,223.5,333.7,279.4,267.4,334.0,430.8,345.2,330.8,268.3,248.3,204.2,227.1,269.1,224.3,304.6,220.5,258.2,315.7,322.0,308.8,196.8,262.6,197.2,233.9,284.9,194.8,245.5,233.0,167.6,191.1,175.1,220.5,321.3,300.2,234.7,229.2,270.5,156.0,206.8,137.5,165.9,200.1,232.6,178.2,180.4,212.4,121.6,227.0,217.3,269.9,270.0,173.1,186.0,167.9,321.4,235.9,243.0,230.1,221.1,276.5,213.7,134.6,194.8,156.0,210.5,340.3,141.7,220.1,244.2,169.2,33.8,50.2,56.6,53.8,42.0,52.6,210.9,344.3,195.3,220.9,224.1,109.2,216.2,244.3,112.8,306.5,219.9,202.5,178.1,272.6,287.1,156.5,218.7,355.7,200.0,207.8,227.4,121.8,193.7,173.0,352.3,174.3,181.7,109.2,139.9,183.1,218.8,306.7,285.5,150.0,513.5,320.0,140.9,177.9,260.2,242.6,184.9,163.6,130.7,245.5,236.5,131.7,271.6,192.4,197.3,139.6,154.3,196.4,162.6,191.0,164.7,220.7,222.2,278.5,164.1,199.4,185.2,148.2,335.0,235.5,181.1,255.7,339.7,242.1,138.1,208.0,291.3,144.8,261.8,251.9,272.2,235.2,162.5,233.9,172.5,300.0,148.5,112.5,152.4,103.7,202.4,195.4,254.9,263.2,336.0,319.9
GI_34222152-S,2618.0,1377.9,3636.0,2693.7,1470.3,1815.3,844.7,1091.5,1332.0,2685.8,2161.5,1936.3,1823.7,1743.8,1619.9,1985.7,905.7,304.3,1206.8,1622.4,1393.5,2332.3,1583.9,2213.3,2748.6,2791.7,4238.0,1633.5,1504.8,1721.5,2027.5,1712.1,989.6,1034.3,2576.3,1838.6,1838.9,2616.4,1201.4,2306.0,1330.7,2327.1,1866.6,2515.4,1423.8,4547.6,845.3,537.7,431.3,1269.5,824.6,1229.7,948.2,921.1,1325.1,807.0,869.2,2028.3,1295.8,1250.1,1463.7,4210.7,4301.9,3712.2,3938.2,2031.1,4628.1,2776.5,3328.6,2016.1,885.7,2411.6,2494.7,2021.7,2358.6,394.2,804.8,1450.9,844.4,1241.5,1666.8,2463.6,2507.7,1172.2,1081.1,1204.8,1000.1,873.6,1999.3,1575.4,946.7,683.5,1085.5,1725.2,1146.7,743.9,1490.7,904.8,1080.8,482.0,967.4,5197.7,2479.6,2939.5,2497.5,1328.2,1095.7,76.2,1438.8,482.0,1874.2,884.1,1222.3,713.7,815.9,3970.0,1759.1,3876.0,1023.9,3334.5,3337.1,3612.2,1329.3,2530.8,1036.4,2545.7,1251.5,879.7,960.2,1293.6,2094.2,1037.5,2535.9,2237.2,1697.3,696.6,1699.2,3304.5,766.6,1106.0,2102.1,1343.3,196.9,1172.7,458.3,950.0,176.9,1064.2,1337.8,985.8,949.0,420.8,143.7,3453.4,449.7,637.2,1408.0,1705.9,1075.7,914.7,1381.5,2267.3,1880.7,1476.3,2153.3,1741.4,4622.7,2137.8,1810.9,1983.0,1882.6,1977.6,1007.5,7582.7,2879.1,3915.6,3277.5,2635.7,3279.2,3056.9,2114.1,1180.0,3300.5,3203.3,3119.4,2509.6,3364.4,2768.1,3692.6,3411.7,3289.6,303.8,2337.3,1784.2,3497.9,4115.2,1150.8,6532.6,3009.6,1920.4,3998.1,1675.7,1064.9,1987.3,1476.3,1831.2,1553.5,874.6,822.5,2283.5,1646.5,2395.1,3727.7,4596.1,1554.1,2904.5,3818.8,3367.8,1784.3,3070.3,2890.9,4156.7,2879.5,1906.5,1707.7,2420.1,1525.4,1605.4,1446.2,2028.1,1916.4,1900.7,1271.9,2362.7,1026.8,1049.1,1189.3,1063.2,778.5,2098.4,1755.6,1995.1,5816.3,3882.4,3222.4,2119.9,3731.8,5075.8,2947.1,2366.6,767.8,3393.8,5089.4,2167.6,5009.7,3468.9,3452.3,2442.8,4451.4,2295.3,2268.1,1842.0,4371.4,3592.2,4438.6,2572.5,3964.5,1624.5,4343.0,4034.9,1029.8,1074.2,1181.6,2341.2,850.4,1647.3,2875.7,3123.5,2358.5,1108.6,4872.5,1950.3,2332.8,3408.5,2732.8,4460.9,4679.2,1828.5,3493.5,3805.1,4934.1,1524.7,2040.8,2566.2,4988.9,2682.8,1107.1,2367.7,1447.4,3187.1,4731.8,1667.3,3322.9,2824.7,2451.4,1761.3,1135.6,2054.5,1350.6,1599.8,1439.5,422.8,1199.3,1805.2,1614.2,3726.7,1768.8,3295.3,2072.3,1150.6,2387.0,2478.0,587.2,981.7,2130.7,2673.6,2649.7,2584.5,4334.7,3303.0
GI_34222344-S,921.3,811.4,682.3,703.4,714.1,881.5,447.4,370.7,694.6,680.1,616.3,751.6,818.2,590.8,521.9,717.5,482.2,459.6,723.4,646.0,590.5,834.9,821.3,860.3,637.0,902.3,595.3,884.1,747.7,603.3,645.0,487.1,429.4,419.4,676.0,786.0,666.2,827.2,494.0,590.5,399.0,805.2,795.6,555.0,527.2,734.5,572.9,661.7,450.2,487.9,592.3,636.1,630.6,882.1,754.7,652.9,1558.1,937.9,601.6,480.3,901.5,788.9,606.4,798.7,779.2,935.2,715.5,520.5,647.6,639.7,346.1,686.1,678.7,846.9,743.0,429.5,535.4,759.3,461.7,1523.7,1858.2,1425.0,1113.9,1446.7,1820.2,1905.2,1496.6,1095.0,1542.3,1736.0,1999.0,1986.8,1675.4,1508.3,1367.8,1480.4,1276.0,1422.9,1743.3,1414.9,758.8,769.2,885.8,918.6,739.8,738.8,420.5,259.8,832.3,450.9,709.6,346.3,655.4,438.7,672.1,840.7,743.8,406.5,629.1,573.3,840.2,716.2,706.8,477.3,523.8,460.6,726.3,500.6,505.6,554.4,732.8,357.1,901.2,882.0,787.5,416.0,948.2,767.9,578.6,757.6,674.8,666.3,375.2,650.6,460.4,650.1,308.2,706.2,714.3,720.3,612.8,473.4,277.1,553.8,454.2,693.7,777.5,808.8,574.2,703.2,759.0,864.6,912.2,891.1,870.9,886.3,1306.0,603.4,834.4,722.0,828.8,859.4,888.2,857.9,808.9,990.9,626.4,694.0,918.5,1052.9,788.7,678.8,1140.6,960.8,1018.7,905.5,922.4,965.9,717.0,612.9,685.5,546.0,566.4,1015.6,499.9,699.4,940.3,713.4,692.6,797.7,662.8,800.7,607.8,620.5,508.2,676.1,735.4,943.2,492.9,609.8,684.1,1020.2,748.3,1091.3,792.2,922.6,786.2,780.8,939.1,791.5,804.8,885.3,977.9,688.3,998.0,839.7,981.7,429.6,465.8,562.6,854.6,743.1,660.8,931.4,1693.3,1804.8,1638.4,1737.7,1883.2,1783.2,764.8,835.2,942.3,899.0,705.4,944.9,816.3,686.4,1098.1,859.2,946.1,910.5,516.8,731.5,595.0,770.7,713.4,703.7,847.2,787.6,1060.0,606.6,815.2,970.9,699.8,757.4,824.9,728.1,494.8,939.4,976.4,597.6,1132.8,713.2,878.8,806.1,654.6,639.2,820.9,979.0,779.7,835.1,740.9,739.3,739.7,597.5,639.2,641.5,830.8,722.6,870.5,1005.9,882.0,820.2,708.1,631.0,1116.1,1128.3,867.7,710.9,785.8,643.1,938.2,810.7,1098.5,990.0,956.7,795.5,709.0,868.8,859.1,699.6,761.8,683.2,870.0,1011.0,974.5,609.1,1055.8,650.7,920.0,938.8,523.5,605.6,942.6,1066.6,1067.8,778.4,669.0,737.8
GI_34222347-S,87.7,64.8,82.6876610169,51.9,156.9,78.9,31.4,44.8,47.5,67.4,123.6,58.4,109.8,300.2,61.1,89.0629830508,96.2906440678,109.310644068,83.7429830508,68.4953220339,83.7429830508,112.8,35.0,47.5,117.9,88.3553220339,74.6,44.1,85.3,138.9,112.7,110.4,73.3,42.3,127.4,74.5,87.3,77.8,78.5,84.3429830508,78.9753220339,75.8,126.9,125.1,100.4,113.1,109.038305085,109.038305085,95.0706440678,85.2,70.6753220339,109.038305085,51.9,116.2,71.9,59.5076610169,58.9,110.7,46.6,79.6953220339,76.1,72.6,292.1,148.8,116.6,84.4,94.1,54.6,82.3,50.3,68.6,97.8,94.9,54.7,92.8,73.5,79.3153220339,96.5,74.0953220339,88.8,116.5,78.7,63.5,114.0,78.5,86.4,73.5,70.3,164.6,59.8,62.2,71.9,80.0953220339,71.7,95.6,90.8,139.7,80.2,59.0,57.4,107.6,234.5,198.0,133.3,145.8,77.8,74.7,90.9,136.5,67.5153220339,60.7,34.5,65.9,60.6,117.5,181.2,180.1,97.0,75.6,66.0,91.1,127.3,139.8,84.2,75.4,139.6,67.6,84.3,109.038305085,132.5,47.5,38.4,105.3,64.0,32.8,93.7906440678,192.0,81.9,62.4,86.9,80.2,97.4,94.4029830508,84.3429830508,60.8,68.4,39.2,81.7,166.6,55.4,50.3,58.4,47.6,72.0,59.7,74.1276610169,44.1,97.0,65.2,97.5,78.3,95.0,35.9,115.3,187.4,169.2,96.7,153.2,156.6,358.9,147.9,199.4,138.5,105.1,230.1,108.3,143.3,87.7,188.9,108.1,237.5,46.3,202.1,88.8,87.4,76.7,83.5353220339,49.1,226.4,113.8,70.5,96.2906440678,143.1,88.9,120.3,135.3,152.8,341.0,96.9,73.8,111.1,26.2,85.4,91.5,63.0,173.6,99.9,34.6,56.7,133.0,53.7,126.4,266.7,68.2,102.2,157.6,142.4,48.3,143.9,162.5,124.3,121.7,158.8,199.3,83.7,71.2953220339,70.4,67.5,45.3,209.3,53.2,53.7,75.2,131.8,76.6076610169,50.1,45.1,62.0,32.0,41.8,101.6,163.1,147.6,89.7,73.9,77.1,118.9,219.0,78.8,228.0,80.5,72.8,267.3,131.2,311.3,163.5,197.3,199.5,174.0,127.9,119.1,62.5,160.5,106.9,306.3,81.3,106.7,57.0,92.9,96.6,87.0,185.6,130.0,60.1,204.0,120.6,144.4,179.7,176.5,115.3,140.4,120.5,115.0,281.7,66.6,69.8,201.5,64.4,156.6,121.2,130.5,91.7029830508,88.7429830508,181.9,120.9,110.9,51.6,126.0,58.2,57.8,130.4,123.1,163.9,105.0,119.3,137.1,28.9,153.5,109.038305085,69.1,146.9,109.310644068,190.3,144.2,136.4,86.9829830508,46.9,255.8,108.1,101.1,35.4,42.4,97.2,65.7,115.5,82.8,71.9,111.7,177.2,174.5
GI_34335274-A,172.2,819.0,542.0,749.8,624.4,289.3,710.6,485.5,454.9,501.7,458.4,925.2,271.2,296.9,747.2,619.2,670.6,282.5,638.7,614.0,420.1,431.0,675.9,484.5,440.8,544.8,646.2,636.5,345.3,323.2,500.2,545.5,1266.7,423.8,604.2,824.9,869.0,648.2,399.9,1337.1,973.4,434.0,291.5,284.8,586.2,317.8,1425.2,2428.7,877.8,491.5,684.7,763.0,402.6,324.1,476.4,742.0,586.7,520.6,1383.9,777.2,703.3,407.9,200.2,153.9,371.7,251.3,343.0,465.1,1192.3,528.5,197.4,363.1,419.9,658.9,225.4,879.1,416.4,289.1,647.5,317.6,323.9,400.6,315.2,290.6,569.1,431.7,563.3,784.2,147.6,510.4,901.1,425.7,455.1,542.6,598.4,410.7,527.6,840.7,910.5,883.6,703.8,409.6,200.0,196.2,281.7,304.7,520.4,568.7,416.7,787.6,516.2,595.9,792.6,389.2,383.0,201.2,226.9,119.3,648.7,641.5,899.9,275.2,454.6,547.0,657.2,462.8,723.8,419.6,639.0,626.0,795.0,793.9,172.0,225.8,401.5,306.6,337.1,386.1,937.8,731.9,526.8,502.2,1048.3,422.1,1169.0,667.2,583.8,481.5,322.5,531.1,606.6,996.0,860.7,617.8,819.0,575.6,390.2,457.6,491.0,769.4,611.3,488.1,364.5,215.0,276.7,238.8,42.0,246.1,256.0,222.4,255.8,231.8,361.3,201.7,492.8,232.6,102.6,413.3,151.9,234.1,208.3,274.5,255.8,185.7,377.1,157.5,199.8,239.1,150.5,186.4,148.7,81.7,567.8,472.7,360.8,238.4,410.4,145.8,312.9,525.2,180.8,440.0,472.9,361.5,375.1,230.4,384.8,320.1,995.1,409.1,709.2,70.8,222.9,119.4,195.1,229.9,135.1,325.7,187.8,134.1,240.3,232.8,210.4,266.2,218.3,284.1,154.2,132.9,364.0,321.7,543.2,361.7,551.5,475.1,395.0,319.7,167.8,157.1,100.8,259.5,318.5,173.6,149.8,231.3,238.7,390.5,272.0,145.3,224.5,171.3,682.1,300.6,410.4,169.2,188.4,310.3,245.8,117.7,182.3,308.7,320.5,889.3,194.6,453.5,155.8,308.1,260.6,653.4,465.4,245.9,318.3,204.0,185.2,848.5,154.5,251.1,414.4,240.8,183.5,164.9,273.6,232.7,280.1,205.8,248.1,246.4,195.7,451.08656535,236.8,365.2,183.1,183.0,279.0,400.2,448.8,484.1,175.3,151.3,803.6,311.5,355.6,612.2,265.3,150.0,383.8,212.2,415.4,249.1,368.6,467.7,209.1,375.5,231.1,503.1,301.7,206.2,216.9,266.6,190.1,256.2,303.5,590.8,365.8,572.3,269.8,442.5,303.6,393.1,210.2,237.4
GI_34916003-S,131.4,171.0,229.6,220.8,113.2,157.9,439.2,328.3,284.5,143.1,183.7,102.9,212.2,110.1,199.4,188.4,196.0,282.2,313.7,254.4,200.0,203.7,162.0,180.6,324.5,113.3,320.3,223.8,205.9,75.3,110.5,272.0,235.6,127.4,205.7,213.1,215.2,181.7,151.8,405.0,263.6,207.4,97.3,121.1,168.7,155.1,726.6,691.7,270.5,201.0,251.0,401.2,275.7,86.6,135.9,321.8,576.4,256.4,392.4,337.0,131.0,219.2,152.9,98.2,195.4,135.5,197.5,233.5,367.4,236.6,198.3,278.6,196.3,257.2,102.6,261.6,170.0,114.8,211.0,174.7,193.9,632.2,145.8,280.9,438.1,165.8,401.3,571.5,142.5,220.5,315.7,261.1,180.9,316.6,195.5,153.3,234.5,750.3,534.1,578.6,249.4,482.0,107.8,131.9,125.6,87.5,229.0,299.7,234.9,349.6,124.9,208.6,214.5,300.9,99.4,156.4,143.6,214.6,232.3,310.7,529.4,179.9,264.5,414.5,210.6,152.7,134.6,113.9,509.0,239.5,213.2,256.1,97.7,99.1,196.3,164.8,129.0,308.3,308.1,185.6,208.4,129.7,287.5,164.8,219.3,204.0,229.2,117.7,102.9,146.5,334.7,175.1,357.5,247.2,163.4,233.9,176.9,181.2,292.0,165.6,248.6,171.3,229.5,75.9,172.1,113.5,67.2,127.6,130.3,111.6,66.6,143.3,164.0,553.2,188.8,96.8,75.9,120.0,98.6,120.7,129.0,84.8,264.3,125.4,138.4,128.6,136.6,65.9,106.5,92.3,120.7,203.5,197.3,118.2,574.1,548.6,131.5,419.9,153.6,108.4,156.8,119.0,130.8,129.6,89.0,72.9,66.1,82.9,246.7,84.7,231.4,42.9,127.3,118.6,57.6,85.9,110.4,158.2,58.7,100.3,87.5,222.0,99.6,85.7,173.5,154.1,91.4,71.7,131.1,99.4,104.0,112.0,118.2,173.4,143.2,181.2,69.6,85.3,54.0,138.4,176.8,63.3,460.9,215.7,204.2,163.3,159.6,512.9,112.4,130.9,183.3,114.0,558.8,91.3,624.4,150.0,143.3,74.1,171.5,252.9,173.4,254.5,125.6,258.7,107.7,129.3,141.4,257.2,183.7,182.2,156.2,67.5,63.1,331.6,43.4,108.1,252.3,107.9,80.2,56.2,257.4,83.4,121.0,119.3,51.1,186.0,135.5,57.8,201.9,133.3,200.8,102.6,128.6,158.6,183.6,159.2,42.1,87.9,118.8,213.5,153.9,277.9,189.3,68.1,175.6,64.9,92.6,131.6,156.0,133.8,81.9,393.5,64.2,84.6,107.1,193.6,73.2,375.3,73.7,93.6,211.9,121.0,188.8,176.3,175.6,294.1,178.1,200.5,182.0,143.7
GI_37059785-S,280.2,334.5,337.7,298.1,310.3,372.9,238.1,180.4,300.1,313.3,319.9,308.4,485.1,505.4,348.3,371.8,310.0,212.6,273.3,312.4,292.8,417.6,363.9,332.0,346.3,377.6,378.0,271.9,298.1,288.9,325.9,175.9,228.2,328.3,474.7,425.1,321.5,353.1,251.1,305.2,212.5,417.5,495.1,373.5,397.8,443.7,96.3,136.7,125.5,197.6,292.3,192.9,193.4,249.5,311.4,258.0,292.2,543.0,381.8,247.7,371.9,353.5,520.4,322.4,501.6,280.3,485.2,337.0,292.2,241.1,159.0,396.8,326.7,236.0,218.4,187.3,193.8,512.2,234.8,372.7,260.9,148.5,455.9,515.9,351.9,454.9,354.1,577.6,282.1,261.2,491.1,325.7,207.1,456.6,521.1,577.7,563.0,586.8,363.7,546.7,179.1,413.9,457.9,533.2,296.2,263.0,256.3,506.8,568.5,282.9,492.5,276.9,389.2,159.3,312.2,400.6,505.0,213.3,424.6,337.7,260.6,287.8,444.8,298.5,336.7,404.1,519.3,247.0,503.2,583.0,221.9,338.6,331.9,331.0,264.1,201.9,710.7,230.3,277.2,459.0,579.9,561.6,241.3,406.5,125.8,224.3,125.5,427.9,562.9,455.7,429.3,341.6,159.3,339.8,324.3,425.2,524.0,452.5,302.6,405.3,238.3,244.3,255.3,349.4,362.7,364.4,812.6,348.1,332.0,367.5,421.2,370.6,210.7,324.3,347.0,312.8,307.5,242.7,445.4,319.3,433.9,205.0,249.0,236.6,347.4,280.5,304.5,268.5,445.6,312.3,320.7,185.9,415.5,335.1,267.1,296.4,363.4,445.6,302.0,231.5,347.5,398.0,236.9,299.8,231.3,580.8,242.0,363.1,154.1,254.2,304.3,468.5,433.9,305.9,377.3,376.1,416.1,233.6,377.4,333.9,357.8,337.3,390.5,417.2,597.9,610.2,500.3,164.6,304.2,273.6,293.5,348.7,392.4,284.5,473.1,429.2,467.9,336.8,350.5,307.4,299.9,464.7,352.9,397.1,367.6,314.2,374.7,472.9,678.0,390.2,226.8,312.7,475.0,352.7,416.0,331.4,379.6,365.0,442.2,349.5,227.0,171.1,269.2,257.6,425.1,321.6,258.2,228.8,381.1,335.3,279.9,509.1,270.3,189.4,380.2,251.6,285.4,242.7,299.3,387.7,406.2,285.2,271.3,461.2,320.7,337.4,430.3,318.5,329.4,325.9,314.3,253.0,235.6,350.8,406.6,276.4,235.9,392.5,279.2,285.1,473.3,119.0,312.2,472.7,372.6,313.1,218.3,356.4,213.8,215.4,342.0,283.3,580.5,163.8,389.4,438.8,455.6,295.2,299.1,209.7,345.7,267.2,269.9,228.4,291.2,211.5,529.0,393.6,347.5,322.4
GI_37538454-S,37.8,79.9,69.4,73.3,89.4017704918,56.9,122.7,110.7,176.5,107.2,77.0,97.9835409836,363.8,100.0,46.8,174.3,111.7,107.7,149.8,120.0,115.3,72.6,74.0,109.1,75.3,106.423540984,114.0,84.2,77.9,41.8,62.4,61.2,104.9,57.0,54.0,47.4,48.7,74.0,43.9,267.721770492,95.5,50.3,57.1,82.2,60.7,56.3,217.1,76.5,103.3,106.6,447.8,226.4,160.1,62.0,131.6,446.3,131.3,352.8,459.0,120.943540984,106.0,49.9,79.7,70.7,37.0,102.123540984,82.6,91.4,49.9,60.9,28.1,40.4,78.4617704918,79.3417704918,33.9,119.865311475,104.605311475,96.4035409836,192.123540984,32.0,17.4,23.6,66.1,109.0,53.2,32.2,141.9,217.0,36.9,52.2217704918,44.6,30.0,51.0,27.3,46.1,152.3,45.5,163.1,56.7,226.7,51.2,114.467081967,69.7017704918,67.6817704918,54.5,92.3417704918,87.9,474.8,230.5,466.2,536.1,491.7,365.3,29.4,259.4,43.3,190.7,43.6,227.2,54.8,117.3,20.1,196.1,94.9817704918,421.9,40.7,201.6,91.4,567.2,153.3,77.7,324.0,29.3,127.1,57.6,81.1,181.4,41.0,408.2,251.9,534.1,204.6,398.0,559.0,55.2,89.2,455.5,326.0,228.9,426.6,390.1,341.1,56.6,65.1,441.1,413.0,362.8,396.8,373.7,276.6,101.1,100.6,210.5,68.2,72.2,80.6,122.5,53.5,49.6,97.3,92.2,93.7,81.5,114.467081967,25.2,81.6,48.0,80.7,72.9,80.5,72.3,49.9,50.2,59.4,89.5,109.6,109.0,84.9,73.3,64.1,68.1,110.263540984,50.9,67.5,127.008852459,127.008852459,63.2,63.8,84.2,39.1,60.4,158.2,70.3,381.4,119.5,120.9,69.3,329.7,156.2,79.9,132.8,47.3,81.0,38.3,78.8,71.5,94.5,141.9,76.7,98.4,63.5,57.5,43.3,98.5,147.9,717.8,554.6,396.2,100.9,107.2,82.3,73.8,159.3,45.7,130.9,125.7,128.2,80.1,138.3,42.9,76.0,54.0,56.8,65.5,85.6,91.1,55.2,64.3,75.6,51.9,79.8,68.3,114.467081967,60.6,114.467081967,32.7,88.1,55.7,88.3,101.3,63.0,135.8,44.2,62.9,53.9,96.8,65.9,129.8,106.6,60.4,99.5,163.6,54.8,79.4,105.6,95.4,36.6,131.1,66.1,104.3,74.7,72.5,68.8,69.2,56.5,98.4,70.1,79.2035409836,64.1,141.3,92.1,80.7,62.1,75.6,91.4,65.3,49.2,53.1,73.0,70.5,65.9,57.2,25.2,41.2,70.2,42.6,60.2,68.3,113.9,85.0,96.6,231.3,121.0,144.5,109.5,745.8,146.6,71.3,60.1,79.3,127.1,84.9,73.6,76.2,110.6,65.8,135.7,143.0,53.4,64.9
GI_37552328-S,526.8,390.2,699.9,613.4,226.9,515.4,308.7,396.3,557.6,426.6,551.9,495.8,669.7,386.7,281.6,792.5,364.6,229.6,544.2,602.9,564.9,741.9,403.0,858.9,819.1,677.1,464.9,474.7,334.4,336.1,339.4,352.1,158.4,247.0,409.7,350.9,375.6,483.9,220.7,436.6,241.3,580.7,319.6,366.2,265.4,571.8,328.7,276.8,234.7,369.1,281.9,565.8,329.8,773.3,639.0,550.6,53.3,464.1,402.4,389.3,580.1,459.7,602.8,890.1,577.3,734.9,438.4,560.7,274.2,401.5,469.5,662.3,357.0,592.4,346.6,201.3,506.7,251.2,388.3,147.5,145.9,170.1,567.7,136.1,124.7,119.9,122.2,52.1,82.9,169.0,158.0,138.9,266.1,67.6,120.7,104.0,37.4,78.7,89.6,81.2,87.2,500.0,357.9,612.0,776.3,453.8,190.8,239.9,421.1,453.7,479.3,546.7,315.7,343.7,486.3,707.0,451.6,655.4,440.9,448.1,605.2,399.1,381.7,415.4,703.3,283.6,396.1,324.1,447.5,194.8,573.6,349.8,651.4,1260.4,547.7,358.1,327.1,618.0,295.9,600.0,544.5,250.8,214.3,532.0,231.0,567.4,210.7,528.0,478.1,560.1,446.7,221.1,203.3,611.4,202.4,438.3,626.7,461.6,671.2,328.2,380.2,705.0,637.1,778.1,724.8,602.5,1332.6,381.2,495.7,435.9,816.2,650.2,528.1,761.8,429.1,893.4,604.0,454.4,715.6,1170.2,484.0,443.0,932.1,705.3,828.6,1120.5,875.2,846.8,806.7,769.6,882.6,321.0,333.7,722.1,526.5,609.9,496.2,465.7,659.5,562.3,611.3,583.3,367.7,399.4,401.4,620.7,520.0,916.3,399.5,352.6,602.1,534.0,653.4,1131.2,660.0,615.6,709.8,796.3,584.7,639.7,615.8,1225.9,553.8,416.8,455.2,727.1,872.5,453.3,340.9,307.8,486.5,601.6,349.6,735.4,145.7,310.3,103.9,126.6,206.4,259.3,342.3,585.4,817.3,555.8,614.3,698.6,629.0,711.9,689.1,687.1,515.4,857.5,377.5,577.3,599.6,483.6,703.3,490.4,687.5,733.8,560.4,780.2,757.6,1028.6,640.9,656.7,716.2,713.8,413.6,1039.1,925.2,183.1,642.5,719.2,424.1,583.3,630.0,781.7,688.2,640.5,763.6,580.2,300.4,610.7,714.3,632.3,775.1,265.2,700.6,753.2,875.5,454.6,438.0,528.1,463.0,526.8,641.0,728.2,517.3,921.4,525.8,414.7,840.3,526.5,622.5,758.5,631.9,558.1,912.0,666.2,585.8,670.3,389.7,441.4,603.2,1684.2,641.4,699.0,676.3,384.3,685.6,622.6,483.4,188.9,880.2,871.8,827.3,1041.9,630.7,653.2
GI_38505264-S,283.9,555.5,350.9,400.6,240.3,321.9,506.2,406.6,547.8,298.9,322.4,594.1,952.2,325.1,423.1,540.1,1093.7,986.1,648.0,652.7,442.6,320.1,494.7,300.5,301.5,416.1,353.4,410.9,338.8,196.9,292.4,552.8,714.4,309.6,263.4,236.2,308.2,361.0,255.7,491.4,574.6,279.2,324.9,395.3,464.3,299.7,1439.7,891.5,759.8,593.9,1216.8,692.0,533.2,249.7,441.3,1467.8,889.1,1093.1,1848.0,559.8,427.5,359.1,313.1,345.0,477.8,290.0,376.4,663.0,367.6,353.5,153.3,289.5,372.5,440.7,111.5,813.5,752.3,313.1,518.7,170.6,300.3,308.3,291.8,608.4,376.6,190.8,862.0,997.1,311.1,162.5,236.0,142.2,203.9,224.2,450.0,703.6,579.4,947.8,348.3,982.9,187.1,385.6,264.7,371.0,274.7,368.8,589.2,1019.1,702.6,1881.3,864.1,1916.7,903.8,412.5,666.6,270.8,700.6,243.1,756.9,487.2,596.1,227.3,1028.4,250.7,683.7,230.8,997.7,476.0,959.1,701.6,706.7,872.0,231.3,310.9,498.3,644.4,751.2,315.4,2004.8,814.6,1386.0,810.2,2861.7,1733.7,546.2,632.4,2482.7,877.7,654.1,954.7,1370.2,1484.9,709.1,624.0,1430.8,1055.5,1012.6,701.7,813.3,934.0,317.7,307.6,454.5,299.8,274.6,352.4,160.5,251.9,281.0,315.1,295.7,360.9,207.5,423.3,432.3,218.5,254.7,369.4,289.5,287.5,193.5,434.8,133.2,275.4,417.8,349.7,330.5,394.3,257.5,201.7,165.2,355.3,193.9,250.6,383.9,381.7,266.4,323.9,396.6,288.3,344.4,571.1,597.4,909.5,462.4,446.1,269.8,499.9,757.9,544.2,470.3,86.4,283.5,164.9,246.0,288.2,245.6,827.0,204.5,246.2,242.4,224.9,372.7,473.5,550.2,956.8,655.1,542.4,723.6,516.7,434.2,440.1,609.8,199.7,606.8,523.1,479.3,472.8,504.9,272.4,327.7,190.6,345.8,385.1,223.2,354.5,362.6,298.6,251.4,262.4,289.2,296.9,404.1,310.2,404.2,180.8,337.9,165.8,341.6,412.6,214.7,870.7,166.6,300.4,275.6,395.7,386.5,441.0,355.6,242.2,309.1,557.8,228.0,455.6,331.9,357.2,196.7,309.7,206.6,289.7,280.0,237.2,176.5,293.5,185.5,370.3,262.8,211.6,163.1,492.1,242.2,499.1,420.5,740.2,439.2,351.1,160.9,265.8,423.3,241.9,385.2,869.1,289.3,203.6,283.9,195.9,436.9,378.3,547.7,508.1,377.0,1593.9,587.4,559.1,479.3,519.8,462.7,359.1,287.8,371.7,322.3,325.6,418.9,472.7,468.0,380.3,513.5,353.3,306.9,302.2
GI_40806217-S,347.9,288.3,283.4,313.9,383.7,296.0,262.6,245.1,335.8,287.4,330.2,275.1,321.8,332.5,267.0,264.8,239.8,180.3,287.6,222.2,296.6,324.1,238.0,367.5,349.2,260.1,295.0,240.0,299.9,350.2,299.5,248.0,255.6,330.9,387.7,324.4,303.0,250.8,287.8,247.9,227.2,366.0,426.9,342.6,209.8,262.8,182.7,201.6,201.2,267.9,243.5,261.9,343.3,402.5,312.4,233.7,289.4,377.4,278.8,194.5,342.9,312.8,335.2,322.5,254.9,269.0,308.0,192.1,289.2,281.0,242.9,251.5,302.1,303.4,303.5,262.1,209.3,356.4,222.5,450.3,329.3,247.1,343.4,297.8,320.7,433.7,313.8,239.6,323.5,407.9,399.1,453.2,422.7,404.3,372.8,350.3,248.2,228.3,305.9,322.3,320.2,254.0,298.9,251.9,331.3,248.1,222.1,375.2,446.3,246.9,306.7,238.5,275.3,195.9,262.8,328.0,365.1,394.3,324.0,212.3,265.7,321.6,388.6,231.5,375.2,289.0,305.0,243.8,214.0,293.0,256.1,220.3,285.2,335.3,212.4,208.3,358.8,273.2,278.1,283.9,286.3,361.1,203.6,291.2,226.7,291.8,225.0,364.8,367.0,289.1,232.2,269.6,214.0,236.4,223.0,267.7,274.0,322.8,261.4,288.5,304.7,357.7,250.4,337.6,407.8,401.0,389.4,279.6,320.2,343.8,275.8,425.4,380.6,306.6,256.8,306.7,353.0,246.6,380.2,393.5,411.6,256.0,273.7,310.6,340.3,290.4,276.0,246.8,393.5,310.7,341.4,260.2,337.3,371.4,240.6,233.0,425.2,299.7,239.2,325.2,306.1,300.7,326.5,309.7,330.1,433.5,399.9,387.7,313.4,341.9,338.6,445.3,378.0,309.0,373.8,346.6,361.1,280.0,335.1,400.7,369.6,445.1,386.2,336.0,321.1,287.9,298.6,367.5,207.9,338.7,307.3,258.2,251.3,390.8,385.4,405.7,358.8,439.4,454.7,344.2,309.4,365.5,343.1,344.5,214.2,350.7,352.8,298.5,339.8,316.3,388.7,273.5,262.7,294.2,284.1,340.0,358.8,400.7,355.7,340.8,321.4,261.5,344.3,318.0,391.7,356.9,349.4,294.3,282.4,267.0,450.6,405.4,397.1,299.2,398.3,305.5,349.1,459.4,371.9,453.2,308.9,355.8,383.0,321.0,377.2,309.1,398.3,272.7,410.0,267.7,350.4,341.6,359.5,302.0,288.2,337.6,474.1,334.3,378.9,238.2,263.5,232.9,371.8,347.9,383.2,477.3,469.1,300.4,212.3,347.6,444.7,190.0,421.1,358.3,441.5,347.9,445.5,310.3,391.5,308.8,319.7,262.2,305.6,280.4,351.7,391.4,340.6,377.3,305.2,311.0
GI_42516568-S,521.2,665.0,1230.0,699.9,256.9,371.0,692.5,617.3,507.0,659.0,483.8,895.7,146.2,329.4,736.2,1067.0,1514.0,1900.3,750.3,1287.5,925.0,248.5,441.5,231.5,282.9,476.8,562.8,623.4,422.0,262.4,346.7,524.9,542.3,1256.3,243.3,348.8,544.9,346.1,819.6,1351.2,860.0,479.4,315.7,408.6,1014.5,699.1,895.1,775.2,1506.8,769.0,575.8,936.4,376.3,747.0,526.1,963.7,1335.0,275.6,1095.6,950.2,565.3,280.6,139.1,174.7,374.9,274.1,329.9,752.3,931.8,411.6,572.2,373.1,590.8,448.1,190.4,680.6,728.1,361.3,1768.6,159.3,250.4,275.0,382.1,204.1,258.8,241.6,275.8,612.5,159.5,103.3,407.8,203.4,313.9,655.3,442.9,522.2,744.5,497.0,351.7,909.6,422.3,372.6,327.0,389.6,311.1,646.1,454.0,583.6,305.1,682.3,1025.3,2042.1,814.6,916.9,372.2,173.2,97.8,347.7,842.4,1202.8,445.4,251.1,195.8,676.1,757.5,634.0,801.2,463.6,2176.6,462.9,602.4,924.9,270.7,242.7,570.2,623.8,117.5,304.4,782.8,769.3,294.9,281.0,952.7,615.9,898.0,341.5,1123.4,372.8,162.5,606.7,1157.5,812.2,947.2,979.1,1064.3,662.3,264.0,423.3,1098.3,477.9,283.4,607.8,411.9,206.1,160.0,160.9,222.1,326.8,135.0,104.4,272.4,143.0,216.9,169.1,285.2,217.7,137.3,822.7,94.1,191.7,124.0,462.6,286.6,727.2,465.0,784.8,278.1,465.1,142.5,631.8,168.8,421.6,606.0,125.7,734.6,405.3,120.9,278.6,439.0,375.0,424.9,401.9,513.3,526.4,615.9,415.6,197.8,315.0,1148.0,496.2,585.9,171.1,268.5,199.7,543.8,252.6,192.7,407.7,124.1,209.7,218.7,276.5,170.4,138.9,485.0,308.8,233.6,393.5,1029.1,164.5,230.2,341.4,443.3,218.2,691.5,257.2,241.1,154.7,194.6,366.7,377.4,168.8,682.5,224.3,539.4,391.3,180.4,202.4,352.4,181.8,320.1,356.7,438.5,393.9,317.4,312.6,189.3,208.9,138.0,137.9,215.9,463.6,144.4,223.7,99.7,214.7,321.4,361.5,653.7,314.7,168.9,185.1,128.8,320.0,121.4,194.3,360.6,279.9,177.7,174.3,259.5,206.9,176.0,267.2,172.9,313.0,181.1,363.1,274.8,365.5,441.1,267.5,652.7,156.4,421.9,351.3,220.9,149.4,911.1,289.2,369.5,245.3,92.4,146.1,148.6,382.0,265.7,252.3,506.4,514.1,109.6,615.6,123.8,239.0,296.8,352.8,212.6,288.1,244.5,269.5,296.1,399.4,392.2,573.1,290.1,354.6,195.6,203.3,258.2,247.6
GI_42658560-S,39.0,185.1,69.4,56.3,70.8,116.0,111.0,154.8,149.0,93.0,98.8,105.1,322.2,135.4,138.3,163.4,108.9,116.1,141.3,154.4,138.1,159.1,149.3,72.9,154.3,104.7,150.9,121.4,39.1,34.2,102.0,48.3,59.8,102.720385852,79.1,47.1,85.0,82.8,68.7,72.0,96.8,69.0,33.2,47.2,74.0,27.0,90.5,47.9,68.1,76.8,253.0,63.7,190.500385852,32.8,88.6,486.0,1000.6,421.5,724.8,110.4,73.8,46.5,59.5,30.6,63.7,42.7,44.8,44.7,37.4,73.8,18.5,56.8,147.6,97.6,29.0,104.7,122.7,86.4803858521,85.3,120.8,105.3,86.4,77.1,849.3,339.1,124.3,1172.4,598.2,149.5,151.2,185.7,170.9,150.6,203.0,154.4,322.0,96.9,845.4,302.7,1035.6,116.2,102.040771704,68.0403858521,73.4,55.9,81.5603858521,55.3,301.7,301.9,557.4,237.7,338.3,564.3,40.1,443.4,45.4,312.9,26.7,378.5,89.3003858521,139.2,42.3,300.0,143.120385852,331.3,28.8,227.1,72.2,328.7,213.5,55.9,413.0,40.8,87.9,88.7,59.7,300.2,84.2207717042,599.7,419.5,297.9,242.7,364.5,327.4,121.5,233.5,293.1,377.5,546.1,498.0,655.0,327.8,135.0,129.4,501.9,489.9,423.4,308.6,532.3,487.6,83.9,92.5,117.5,61.5,118.5,73.4,70.8803858521,63.7,87.0,71.1,63.2,116.6,139.7,102.040771704,41.5,39.9,28.0,97.8407717042,30.5,83.6,65.9,47.1,79.8,50.9,38.6,74.2,55.8,50.5,51.7,34.6,38.8,109.060385852,60.5,69.2,113.921157556,74.6,90.5,62.3,58.6,75.9,41.8,283.2,59.9,198.2,115.1,143.4,55.4,237.3,174.1,65.4,263.9,77.0003858521,60.0,31.6,57.6,39.0,44.3,80.6403858521,44.0,44.9,45.1,51.7,50.2,124.8,130.0,258.8,160.0,140.4,76.5,84.0,71.0,69.1,131.4,71.5,598.0,500.4,364.5,287.9,352.2,90.4,79.4003858521,30.6,78.7003858521,28.8,76.4,90.4,58.3,65.3,45.1,29.9,134.6,61.0,98.2,55.8,50.1,51.2,79.8,28.2,60.4,228.4,83.0,51.8,16.4,68.2,51.1,43.6,29.5,291.4,82.2,57.1,96.7,100.4,52.7,53.2,64.9,104.7,61.8,58.6,34.4,50.1,127.8,46.6,72.0,78.6,31.0,35.7,68.3,40.7,30.6,72.1,39.1,100.380385852,59.1,59.5,81.0,42.8,26.9,50.6,123.8,39.0,57.9,39.9,45.7,34.7,125.0,66.6,121.2,63.1,90.9,102.5,70.3,402.7,120.1,74.8,93.5,137.0,111.4,113.4,69.1,84.3,83.8,96.3,101.8,61.2,71.5,105.0,85.5,102.0,61.2,51.2
GI_42662641-S,649.1,557.3,477.6,634.7,739.4,710.9,655.0,593.0,571.0,582.9,575.8,570.8,689.0,568.2,642.2,679.8,632.8,567.5,648.6,559.6,672.6,743.3,666.1,874.7,715.2,667.7,610.1,554.7,646.0,651.2,617.0,627.4,573.9,598.0,659.2,697.1,639.9,673.0,638.5,579.9,665.4,641.2,637.5,672.1,747.6,676.6,613.4,676.8,584.1,570.2,499.5,624.9,669.2,657.1,580.6,536.0,525.8,567.4,559.0,584.9,618.9,559.1,707.2,683.6,682.4,723.6,606.0,479.1,669.1,673.5,957.5,595.5,631.6,734.5,790.8,598.5,657.7,599.5,527.3,709.3,611.3,778.6,746.3,576.9,593.8,693.1,538.3,528.2,662.3,745.6,708.4,697.8,674.9,772.5,570.7,461.5,601.1,612.6,534.2,449.3,615.2,852.6,790.3,763.5,733.7,696.1,654.3,524.5,475.5,511.8,528.0,499.9,552.0,517.4,598.5,732.5,606.0,700.7,480.3,620.9,662.7,744.0,598.5,671.2,540.7,646.7,495.9,551.1,516.5,478.4,640.2,480.5,775.1,704.9,589.1,753.4,714.6,802.6,490.5,493.8,630.7,500.9,485.7,463.9,500.0,586.7,602.1,508.1,559.1,482.6,515.0,566.5,752.2,622.6,432.2,635.5,598.3,558.2,652.3,545.7,569.1,712.2,681.1,645.1,746.9,555.5,1128.0,658.5,686.9,646.4,760.1,695.5,734.4,852.5,667.4,797.6,962.2,702.1,776.2,715.9,801.0,731.7,1105.1,743.9,714.2,846.6,810.0,730.7,846.2,705.1,777.9,940.7,635.8,714.1,673.9,716.4,676.6,1037.8,630.8,661.2,722.8,445.5,677.3,565.1,610.4,600.5,804.5,625.2,610.3,535.1,677.4,857.0,730.1,1018.6,568.7,671.5,690.2,623.1,720.0,667.1,620.1,714.5,729.7,658.2,811.6,670.6,764.3,789.0,535.7,621.0,682.8,650.7,650.8,716.3,607.3,668.4,588.6,549.4,678.7,748.8,686.1,722.6,949.1,762.4,702.9,736.0,638.2,935.8,863.4,933.4,462.2,752.1,1013.5,766.8,897.3,664.0,753.4,716.7,887.3,670.3,706.3,694.5,706.3,700.0,765.1,558.9,684.3,520.7,621.9,880.4,605.3,567.6,704.1,739.4,602.7,593.4,741.8,507.8,762.3,581.1,775.1,716.7,526.0,772.4,711.1,662.0,650.7,665.4,638.5,621.0,711.1,753.2,596.4,613.5,733.1,703.2,632.7,964.3,483.9,580.3,787.4,729.3,719.1,865.1,647.1,673.2,423.8,713.2,709.1,634.5,592.9,687.7,661.0,474.5,674.2,778.4,638.1,832.0,768.3,618.1,687.3,683.2,638.7,730.7,619.9,765.2,784.5,708.5,696.5,622.7
GI_4503562-S,125.9,210.9,334.2,149.9,65.0,112.8,383.2,606.7,178.7,176.8,355.4,174.9,50.4,100.6,169.1,122.7,98.2,183.2,190.1,178.4,206.1,116.5,104.8,82.4,111.0,104.1,113.0,200.1,77.0,120.6,133.3,125.1,139.2,231.7,42.5,105.3,111.5,135.3,233.4,99.5,221.1,110.1,66.1,95.4,265.1,199.0,79.0,76.9,203.6,163.7,279.7,183.6,144.9,332.1,136.5,149.1,134.4,62.6,154.7,257.2,165.5,84.5,48.3,65.2,78.2,54.7,64.3,83.5,180.0,123.4,162.9,163.0,116.9,135.8,79.8,189.2,157.8,119.3,452.4,50.9,112.8,23.7,88.7,41.9,41.4,66.6,84.8,153.3,48.8,96.0176323988,75.6,88.1,60.8,126.7,101.4,99.9,81.4,119.0,154.0,227.8,222.9,69.0376323988,60.6376323988,76.2,201.7,242.8,378.5,117.8,104.9,161.5,210.3,245.9,260.2,280.9,321.7,49.6,74.7,240.4,255.6,241.6,80.7,60.6,134.3,211.9,860.0,218.8,187.1,162.9,446.0,219.6,103.4,304.6,63.0,114.2,90.8,114.4,29.2,78.3,124.1,177.3,63.3,91.9,92.1,137.2,221.2,146.7,226.8,181.6,55.5,196.0,170.4,294.1,192.5,102.5,304.1,160.7,118.4,88.7,385.0,182.2,179.3,149.8,112.8,90.0,67.6,74.3,77.7952647975,160.2,70.7,45.9,70.5,76.3,86.9,60.3,76.0,52.3,62.3,143.8,29.5,54.4,32.2,141.6,39.7,109.3,70.8,119.577632399,112.6,90.0,45.6,118.6,60.2,75.3,156.6,33.2,151.1,86.1,52.3,66.2776323988,114.1,226.3,89.3,78.2,139.5,91.1,231.3,47.0,82.7,96.4,745.7,153.5,137.0,77.9576323988,46.3,42.9,146.4,54.1,66.5,48.8,27.3,48.0,75.1,62.4,31.9,42.4,33.5,41.0,30.1,75.5,183.8,52.4,112.4,120.8,107.9,62.0,64.9,92.7,73.9,86.9,66.8,55.7,68.6,97.6,56.9,38.9,112.6,126.2,46.9,29.5,60.2,33.2,155.9,66.0,78.4,98.2,53.9,77.0,57.9,63.0,27.9,39.2,101.7,55.4,46.3,66.2,40.1,88.1,100.5,107.3,183.8,41.4,54.2,52.8,59.8,71.9,60.3,82.2,72.8,157.2,48.6,127.1,49.8,46.2,127.6,48.9,52.7,93.6,44.5,97.3,47.0,70.2,34.6,118.6,201.7,51.4,55.0,103.6,65.7,66.7,347.4,83.8,72.7776323988,28.8,36.1,40.2,36.2,182.7,116.2,56.3,85.4,184.2,59.2,116.9,40.8,113.1,55.5,41.4,51.8,100.5,46.1,92.7,114.1,69.0,156.7,114.9,184.4,60.9,106.977632399,56.7,43.2,66.8
GI_4504150-S,213.7,184.8,190.6,145.7,157.9,156.1,194.1,217.4,179.6,175.1,172.3,178.4,122.5,172.8,174.6,167.6,186.8,246.0,224.9,172.8,215.5,135.1,144.9,98.4,129.7,168.6,131.1,175.1,146.2,213.6,185.1,205.0,181.5,214.0,98.1,154.8,151.0,188.6,300.2,237.6,267.9,153.7,129.2,156.1,190.0,104.1,166.7,226.0,293.1,257.3,293.2,230.5,256.9,147.0,158.7,214.5,145.9,148.1,182.0,189.1,133.6,108.1,153.9,167.7,96.9,169.5,149.8,171.4,155.6,136.1,175.4,198.2,167.5,122.0,130.5,328.2,208.1,124.1,272.6,101.3,112.3,112.6,121.5,85.9,111.0,116.2,90.9,191.6,91.7,114.6,108.1,113.0,87.4,143.6,97.6,90.1,136.5,140.7,101.6,128.8,80.1,132.7,136.9,167.2,208.3,163.6,306.4,206.1,152.7,250.4,179.9,296.0,202.4,301.1,186.0,145.2,155.8,193.3,170.7,200.2,116.8,119.9,127.0,145.0,213.1,199.9,132.8,243.7,347.4,180.3,154.7,239.6,130.7,113.6,137.2,167.8,130.8,122.6,149.2,164.5,133.9,130.3,179.2,141.2,191.7,152.7,296.9,211.5,137.6,141.7,173.1,178.3,255.0,140.3,216.3,175.7,135.5,159.0,175.4,177.7,167.7,143.8,146.8,165.1,138.4,163.8,49.1,249.1,126.7,133.2,126.1,163.0,152.1,71.9,156.4,111.0,97.9,143.2,106.8,159.4,111.8,132.7,107.3,177.8,139.2,105.2,115.3,124.4,128.6,159.4,118.6,212.6,169.1,138.0,262.9,191.0,163.4,165.3,179.0,233.8,132.9,174.5,221.7,103.1,246.5,133.2,149.2,162.3,215.4,175.0,183.1,89.1,111.4,69.4,113.2,101.6,160.6,115.8,106.2,139.9,128.7,126.2,122.6,108.6,109.6,148.2,123.2,105.0,224.3,97.9,162.0,136.3,221.4,116.8,125.5,96.7,102.6,115.7,90.7,124.9,130.2,125.1,194.6,143.6,160.8,142.6,122.2,141.3,71.7,117.1,197.8,84.9,183.0,123.4,133.1,125.7,174.3,140.8,109.9,107.2,131.4,148.3,117.9,155.2,137.0,119.1,128.6,208.8,183.7,101.2,125.6,108.0,125.7,129.8,159.0,165.3,117.8,188.5,145.7,135.3,98.6,121.7,172.8,126.5,101.0,97.5,102.7,110.7,149.6,102.5,107.1,106.7,128.2,155.8,120.0,169.0,121.1,159.5,247.5,146.1,99.5,163.2,158.5,94.4,125.5,177.4,206.6,133.6,120.2,114.4,158.0,185.8,146.0,160.4,116.2,132.2,109.6,130.2,99.5,132.6,136.2,113.4,173.4,224.4,170.7,93.8,116.9,138.1,177.6,181.3
GI_4507388-S,46.7,49.4813286713,65.0,41.9,37.4,37.7,35.6,52.0,55.4,46.6,21.6,57.4426573427,47.9,39.9,48.8013286713,53.6426573427,65.5,64.423986014,48.3,52.7,50.9013286713,24.6,48.2,33.4,32.8413286713,69.4,33.1,47.6,54.5,33.9,43.3,81.7,62.1,46.9,35.0,43.6,34.0,54.9813286713,47.2,64.9,43.6,33.7,44.3,35.0,41.7,38.3,57.7,62.8,88.9,52.3,45.0,68.4,87.7,32.1,41.6,37.8,50.5066433566,40.8,46.8,62.6826573427,40.8,44.9,40.1,40.2,37.1,78.3,62.4,57.6,41.5,42.7,18.0,39.3,67.0,50.5413286713,33.6,53.863986014,48.923986014,58.9,62.7426573427,17.1,29.6,33.6,36.6,45.4853146853,47.7053146853,46.3253146853,47.7053146853,50.5066433566,25.4,50.5066433566,50.5066433566,50.5066433566,40.2426573427,50.5066433566,31.2,50.5066433566,36.5,47.1253146853,33.0,50.5066433566,46.6453146853,118.3,47.1213286713,49.7013286713,29.9,79.0,68.5,76.9,41.6,45.2413286713,49.0,44.7,42.2,43.7,28.7,52.0,31.9,45.8,27.4,80.3,50.1,42.1,30.9,46.243986014,33.4,29.8,93.7,39.7,56.543986014,51.6,55.7,39.2,65.1,52.6,63.1,50.4,41.8,45.1,30.0,31.4,44.6,25.6,55.2026573427,48.6,31.0,36.4,57.0013286713,19.8,30.0,28.1,34.3,27.2,46.123986014,37.5,37.6,39.7613286713,33.8,32.8,33.3,38.7,51.3,38.7,60.2,59.3,42.9,59.1,161.6,49.1,58.6,49.8,72.6,51.9,31.0,134.2,63.3,50.5,55.7,72.0,53.9,54.6,38.8,54.4,52.1,72.2,76.5,77.2,89.7,61.9,43.9,56.0,69.9,77.5,32.0,42.9,117.8,97.0,41.1,83.0,61.1,45.2,48.7,52.0,61.3,43.8,44.6,28.1,41.5,23.7,47.5,41.2,35.9,38.6,35.0,48.9,28.4,41.4,44.4,74.6,38.5,41.4,44.3,37.6,45.5,36.9,33.4,49.1,63.6,45.7,68.5,33.3,49.2,52.9,75.5,33.5,50.5066433566,50.5066433566,38.383986014,23.3,45.0653146853,33.6,49.0,36.6,107.9,51.0,84.2,30.0,49.1,63.5,46.7,51.2,58.1,57.1,100.8,49.7,76.2,41.5,38.3,71.0,51.1,38.5,46.2,44.4,53.6,42.0,54.6,45.6,62.9,24.7,65.1,57.6,19.5,26.0,53.2,51.343986014,54.6,51.1,25.4,32.7,52.5,56.5,39.3,31.4,52.0,44.1,38.1,68.6,48.7,79.3,39.9,43.1,36.5,108.5,104.9,51.5,66.0,62.3,51.1,83.5,55.1,79.3,67.7,59.2,46.1,47.0,38.0813286713,54.6,62.9,54.9,60.1,46.6,43.4,56.363986014,32.4,29.5,41.8,91.5,32.0,56.7,26.8,34.8,50.8,50.0,55.8,64.3,78.3,78.5,100.7,35.5,47.5,60.3
GI_45433512-S,177.3,145.7,126.9,158.9,161.4,149.9,130.9,144.8,190.9,109.7,154.3,89.3,239.6,191.3,158.0,149.4,82.3,108.6,135.2,112.2,118.2,162.8,118.4,163.6,163.7,105.6,147.3,137.5,126.8,164.0,114.3,151.2,130.6,129.2,144.6,136.4,141.9,121.5,103.2,81.8,81.6,147.5,171.6,169.2,103.5,154.6,167.4,146.3,149.6,147.9,122.3,135.1,174.8,271.8,133.1,161.2,139.7,178.4,183.6,105.5,172.1,134.8,147.3,179.1,164.4,110.8,172.9,126.2,142.8,110.7,112.6,129.0,131.2,143.1,141.1,77.8,94.4,189.3,80.9,189.4,125.5,133.0,138.9,129.9,149.8,156.9,108.9,159.2,109.2,107.8,155.1,199.8,103.5,182.9,179.3,201.2,103.0,147.7,203.1,157.5,130.9,102.9,122.8,133.2,201.5,105.5,165.9,223.8,214.0,195.6,147.3,168.3,179.6,108.4,186.1,169.2,254.1,233.2,183.8,124.6,132.6,106.9,184.7,113.1,178.1,152.9,178.7,145.2,115.2,246.5,135.7,141.2,159.5,165.2,94.5,122.9,151.9,135.9,196.2,214.8,205.4,220.8,127.6,184.3,156.7,176.9,168.9,182.8,216.9,146.3,153.2,161.0,167.8,129.1,166.4,140.3,132.0,178.1,153.6,190.9,194.7,188.1,139.3,184.7,237.5,234.9,222.2,161.0,221.9,257.8,130.2,258.1,266.5,130.6,132.1,152.5,164.5,115.4,200.5,159.1,201.7,134.1,160.0,152.6,135.6,127.2,163.0,108.1,200.0,165.9,204.3,189.9,143.6,225.0,85.3,125.7,260.1,136.8,151.7,152.4,159.6,124.3,144.6,229.3,156.2,202.3,182.6,238.4,140.4,230.2,176.8,166.7,203.0,118.7,232.6,168.6,183.4,135.4,195.6,188.1,166.8,191.1,160.9,168.7,143.0,123.8,175.8,154.7,124.0,242.7,133.6,129.5,115.3,136.9,153.7,133.0,163.4,173.4,165.3,111.1,162.8,172.4,114.5,158.3,123.5,138.6,175.9,116.2,130.3,138.5,203.5,125.2,88.0,151.4,109.8,142.8,182.6,241.2,165.5,182.3,153.6,146.4,115.5,130.9,194.1,202.4,150.6,165.8,123.3,111.1,242.7,183.6,239.8,117.2,220.0,188.3,124.7,205.5,197.6,229.8,125.2,175.0,188.1,154.0,190.2,132.2,194.4,112.6,226.1,87.1,170.7,137.3,167.4,201.5,144.6,131.7,172.5,164.5,130.4,119.8,174.6,125.3,243.3,142.5,170.2,220.6,282.8,155.7,143.9,203.3,265.4,145.1,246.1,213.7,260.8,170.5,163.6,98.5,165.1,156.2,127.7,116.2,162.8,130.0,157.3,192.3,145.4,246.3,164.4,173.3
GI_4755141-S,224.8,377.0,339.9,336.3,133.0,221.8,368.7,379.5,419.8,342.4,222.6,364.7,186.5,136.0,476.8,502.0,490.5,827.0,432.7,473.5,458.3,176.2,350.1,225.0,167.6,262.8,305.3,401.7,260.3,145.0,157.2,304.4,267.8,406.2,180.9,282.4,297.3,278.9,259.4,506.1,350.1,231.9,194.8,243.7,289.8,283.9,486.1,400.0,800.0,318.7,543.8,552.5,361.7,233.6,321.8,650.6,256.5,247.4,414.8,424.0,298.6,193.8,58.7,121.5,217.8,208.0,205.8,339.1,305.6,275.6,191.7,214.6,236.3,334.0,204.6,321.9,438.6,167.6,607.6,64.1,92.3,110.6,216.0,86.7,120.8,148.9,185.0,248.4,55.7,104.8,182.2,122.1,255.7,131.5,150.0,154.4,108.4,227.4,190.6,270.1,158.1,155.5,172.5,168.5,172.1,258.4,376.3,345.4,226.4,606.3,432.1,562.7,415.8,388.6,296.0,126.4,133.0,120.7,385.2,318.9,265.7,149.8,252.2,318.7,361.1,208.6,490.7,368.6,640.6,278.8,343.1,536.6,129.8,459.3,359.8,335.9,135.4,204.5,284.3,324.1,312.0,215.0,515.3,454.4,448.5,426.7,429.5,248.5,164.9,359.2,380.6,484.7,598.2,306.8,488.8,496.3,308.1,280.7,294.7,273.8,253.3,234.3,371.1,158.0,126.2,152.7,115.2,183.3,126.3,91.6,143.0,127.9,189.0,78.8,157.7,233.0,117.5,281.7,155.0,204.9,88.7,368.5,143.6,222.9,301.6,280.9,268.1,355.4,114.9,183.2,188.7,309.2,264.4,213.7,243.1,217.0,135.3,91.4,241.4,362.1,148.9,242.0,371.9,265.9,522.9,203.6,285.0,276.1,530.8,329.6,413.9,115.2,128.6,168.6,193.6,140.4,172.2,283.1,124.2,155.5,202.5,154.1,108.9,117.4,180.0,378.7,229.6,238.5,430.8,138.4,313.6,393.6,259.1,187.1,169.4,224.5,124.2,97.5,193.6,155.9,189.3,115.1,125.7,131.3,313.6,231.5,135.4,152.0,176.0,119.0,396.7,259.3,147.6,164.9,112.8,191.9,129.9,105.7,134.0,196.4,185.7,398.1,154.8,186.6,109.2,257.5,226.5,405.9,293.7,210.6,217.8,188.9,201.6,334.5,154.9,163.6,173.1,185.4,111.7,212.7,170.7,172.9,186.2,90.7,159.9,187.1,153.7,238.3,143.1,229.1,140.8,298.8,458.3,125.8,211.4,185.4,199.1,144.9,538.8,230.8,197.7,162.1,106.3,110.9,197.3,172.5,299.0,154.6,741.4,392.3,179.5,864.6,158.0,270.9,231.8,329.1,251.8,184.8,223.2,207.2,314.1,322.4,264.3,344.6,282.3,253.8,293.5,156.8,123.8,165.1
GI_5579457-S,2703.3,1988.6,3294.5,1904.7,1173.4,1827.5,2950.9,2337.9,2490.3,1693.6,1925.3,2253.9,2950.1,1935.3,1841.8,1495.9,1392.2,1980.0,2269.0,2103.5,2002.3,2116.1,1872.1,1367.0,1898.7,2716.1,2649.1,2829.6,2313.0,1612.8,1529.8,2254.0,2017.6,1800.3,2035.6,1625.0,1449.1,1886.7,1376.3,1470.0,2696.9,2716.0,1324.8,1676.3,810.3,1768.8,3446.7,2196.8,1444.2,2428.9,3063.2,2934.7,3245.2,1471.4,1932.3,2954.2,988.5,2697.3,2273.8,2427.4,1333.7,2261.8,2028.7,2211.6,3025.0,2534.1,2215.0,2352.7,2102.8,1639.1,1346.7,2816.7,1497.9,2333.4,1691.5,1360.6,1684.8,1620.9,3074.6,1538.6,1173.7,911.5,1753.9,1294.4,1629.1,1521.1,1426.6,940.0,1085.1,1306.8,829.2,1472.0,1657.1,639.8,1003.1,1180.8,776.1,586.9,902.5,990.2,1278.5,1728.7,1874.9,2472.6,2260.0,2995.5,2956.9,2196.7,2720.9,1260.6,2569.8,2547.9,3171.5,1460.2,2961.9,1437.5,2412.7,2531.6,1457.0,3042.5,2834.2,1894.1,2072.6,1158.8,2986.9,1355.6,2193.3,1331.1,1576.2,2032.5,2015.0,2066.1,1608.2,3300.0,1802.3,1730.4,2227.9,1831.7,2811.8,2963.9,4210.0,2196.2,2169.3,2890.5,2550.5,2739.5,2541.7,2148.9,1865.5,2449.1,3155.8,2211.4,3033.7,2215.0,2099.1,2417.8,2513.2,2838.8,2586.4,1956.1,2108.8,1826.3,2225.6,2602.9,2128.3,2186.4,2596.8,1955.4,2761.7,1326.8,1848.1,2572.9,2022.3,2658.7,1941.7,1495.9,2078.9,1804.9,1737.1,1280.3,2029.9,1874.1,1686.1,2064.7,3121.8,1663.6,2660.9,1641.0,1203.6,2272.1,1964.3,2035.0,2010.9,3729.2,1428.3,1736.6,1974.9,1505.8,2276.8,1987.1,2065.0,4141.2,1705.8,2842.1,2057.4,2328.7,1965.1,2664.6,1859.3,2483.3,2071.9,1432.8,1811.1,1809.9,1766.6,1518.9,2798.5,2060.3,1836.3,2219.9,2557.2,2208.5,1540.0,2176.7,1846.5,2815.0,2495.2,3256.3,2853.2,2678.3,2263.6,2049.3,3178.6,2025.1,2036.9,1742.9,1710.9,1407.6,1831.3,1774.2,2389.2,1642.3,1725.7,2146.0,4032.4,2221.1,2078.9,1901.3,1609.1,1571.9,3386.7,2650.1,1757.3,1890.0,1790.8,1907.3,1921.2,1059.0,1469.5,2935.7,1928.3,1294.2,1761.9,2202.4,2129.5,2884.5,1919.0,2587.9,2254.9,2133.6,3010.2,2300.3,2134.4,2824.9,1849.5,3019.2,1170.1,2448.7,1998.7,2527.8,2189.8,2054.9,2191.4,1490.8,2006.4,2375.7,2179.7,1735.1,1859.1,799.7,2534.5,2020.9,2564.2,2430.5,2157.6,1011.0,2435.1,1536.9,3511.6,1779.3,2202.9,1101.0,2788.5,2278.8,2071.4,2038.3,4114.1,1900.8,1438.0,3077.7,2474.9,2199.3,2053.7,2553.0,2875.4,3959.5,2039.6,1550.2,2344.7,1571.0,2424.0,2363.1,699.9,1393.5,2532.0,2983.0,2528.3,3250.2,2055.3,2358.9
GI_7382475-S,61.0,69.5,147.6,106.5,131.3,83.9,140.5,110.2,103.2,94.5,84.6,100.9,97.5,92.9,160.2,138.5,106.5,89.5,96.2,83.0,74.2,85.1,107.7,97.8,119.2,77.0935,93.5,135.7,105.2,78.7,60.6,101.8,147.5,75.6,131.1,125.9,133.2,100.8,94.6,206.7,194.1,101.4,81.1,73.6,87.3,78.1,170.7,147.1,142.9,96.6,98.8,151.9,79.7,83.3,100.8,95.2,164.6,75.0,113.7,88.1,88.4,78.0,99.5,49.0,66.9,77.4,41.3,83.8,129.7,112.7,75.6,94.0,154.1,116.2,49.9,125.2,132.9,55.4,110.1,106.0,79.2,139.0,105.5,121.1,168.7,152.8,107.6,103.8,56.9,164.1,162.2,123.4,142.0,129.8,105.0,129.4,59.3,193.7,162.8,154.2,156.8,71.9935,81.8,69.3535,75.6,63.5135,84.7,96.3,105.1,125.8,61.5,76.7,117.1,90.3,77.9,56.5,98.5,29.5,78.6,69.5,94.1,92.8,102.5,150.3,139.2,58.5,57.4,74.5,157.8,96.4,93.0,84.5,50.3,40.1,105.1,99.0,89.2,63.7,101.8,114.3,81.0,71.8,138.1,47.0,127.2,75.8,101.0,91.1,94.9,94.6,107.9,109.7,130.6,85.3,125.5,98.7,87.7,73.2,135.6,80.3,133.9,99.1,83.0,45.4,97.6,71.4,73.1535,71.9,77.0,89.6,47.1,104.3,135.8,61.8,49.0,63.7,57.3,56.8,75.2,64.4,128.8,49.6,85.9,58.0,76.7,83.5,81.9,50.5,65.7,51.6,62.0,96.247,110.4,76.1,79.6205,80.2005,121.6,87.9,66.0,124.0,63.3,40.6,115.5,49.0,43.5,47.6,70.6,64.6,96.0,48.9,93.6,60.0,87.5,51.4,67.3,50.6,45.7,92.4,43.5,68.3,49.1,89.7,60.7,71.7,87.0,101.9,58.9,32.8,100.3135,67.5,45.8,46.9,69.1,135.2,51.3,66.9,62.8,57.9,54.3,59.3,135.0,71.1,71.7,72.6,77.3,84.5,82.9,72.3,51.8,78.2,83.0,49.1,64.7,72.8,73.6,60.2,83.7,57.8,74.7,91.5,89.2,92.9,52.4,99.8,65.5,59.5,43.6,94.5,84.4,71.4,114.2,89.4,57.0,114.9,91.5,70.0,109.5,57.4,50.1,41.7,62.1,65.9,57.4,86.3,65.2,44.1,87.9,49.0,58.9,46.4,80.4,61.4,88.0,56.3,68.3,65.6,63.8,55.3,83.0,73.9,74.3,65.5,71.5,64.0,104.1,99.3,55.3,71.6,54.6,57.7,65.0,119.8,66.4,53.6,82.1,46.1,42.7,84.0,49.8,80.1,58.8,72.6,96.9,68.6,75.1,95.6,102.3535,93.8,74.4,61.3
GI_8923058-S,108.4,230.4,320.2,306.6,65.4,153.3,454.8,342.8,354.4,225.5,202.4,161.8,152.4,57.0,229.9,254.3,204.0,148.6,396.4,272.6,294.4,201.1,167.0,240.8,340.0,111.7,457.6,165.5,168.6,37.2,94.5,168.2,161.9,91.4,125.4,165.7,192.0,205.3,142.9,406.7,236.6,163.1,75.8,93.7,138.3,169.4,653.3,559.1,164.8,157.0,225.7,372.3,178.1,40.2,93.3,375.1,494.3,272.8,319.4,288.2,104.3,269.1,104.9,78.4,217.8,81.1,195.6,331.6,380.3,131.5,111.1,237.3,209.4,234.1,61.2,175.0,152.9,116.5,177.2,159.7,168.5,778.3,175.6,256.9,419.1,188.5,378.5,519.2,116.8,287.8,350.0,162.9,259.6,320.4,261.0,254.0,276.1,760.8,538.1,517.1,210.0,385.5,95.7423384615,93.4,59.8,96.9423384615,166.2,262.2,163.9,339.1,172.9,296.5,195.7,297.9,72.9,180.9,95.2,226.2,235.9,300.5,599.9,120.6,149.9,327.8,190.1,179.3,110.9,64.8,674.5,134.7,244.1,294.1,51.2,99.6,170.7,108.6,102.7,297.5,252.5,138.8,263.5,122.3,322.4,208.8,131.8,193.8,190.9,139.7,71.7,222.4,416.2,151.2,221.1,409.6,135.0,162.9,190.8,168.4,244.2,129.9,132.1,107.0,191.8,41.6,85.5,56.8,95.0,65.8,62.5,42.5,64.7,83.4,57.8,427.3,161.3,93.6,46.4,97.6,54.2,84.1,43.3,61.3,162.5,92.3,88.3,94.3,122.8,80.4,71.0,113.6,90.3,93.6,134.1,89.8,448.4,456.0,34.8,325.6,159.5,95.7,126.2,94.5,64.9,158.8,89.4,56.5,54.7,91.4,293.7,71.5,292.5,21.8,108.7,121.9,37.6,54.0,91.5,179.0,33.4,80.5,66.3,207.9,59.7,55.9,90.1,161.3,66.6,62.1,135.2,39.3,156.9,119.6,91.4,87.9,256.1,339.1,141.3,103.9,117.4,199.5,113.0,25.7,491.0,138.5,197.6,173.1,164.7,429.3,157.9,76.0,99.5,92.2,447.9,62.8,539.4,124.4,142.8,30.3,139.0,186.3,92.4,350.0,139.7,280.6,91.2,116.2,166.5,336.7,242.0,200.3,103.8,21.9,27.1,293.3,64.3023384615,49.2,186.2,134.7,38.8,77.2423384615,259.2,54.6,80.3,85.3,58.6,181.2,149.4,28.8,189.3,204.2,281.2,49.5,59.2,128.6,189.8,169.5,79.3623384615,54.0,105.7,233.9,176.5,214.2,132.8,41.8,157.3,56.3,46.1,50.6,146.0,137.3,50.3,294.4,36.5,79.2,71.7,256.5,117.5,330.2,72.9,41.7,219.5,156.8,127.6,101.6,128.8,209.2,128.6,156.1,103.3,95.7
