chr,location
7,27285803
1,12887174
3,195509717
2,25384113
1,152188998
3,195452783
3,195515194
9,33387044
11,1017522
10,135491189
5,140502997
2,202357949
11,1432651
17,39968157
1,148024842
12,11183046
11,6414580
7,143882673
12,50724444
1,236721679
6,26637796
9,69391182
1,145323656
12,6709757
17,72745167
17,72745164
3,97851968
3,195511500
7,43916973
11,1018419
5,140167371
11,64005040
11,64005048
1,33583621
11,1017092
6,30997589
11,1017543
11,1016836
11,48367155
10,135491155
10,135491150
7,100679357
1,148023129
12,11183066
10,48235892
1,145327548
11,1016715
11,1016719
22,19435247
3,195513461
3,195507086
3,195511310
3,195511316
1,89449229
7,100683053
1,207958446
3,195508357
11,1017979
11,1017974
3,195511364
7,100636207
10,13699338
1,186276100
9,69391174
5,140594470
1,215960153
2,220038076
17,1629551
6,37612420
3,195505822
3,195505829
6,29910693
11,1018390
10,46321904
5,70798553
10,135491176
1,89448868
1,16894493
3,195510062
13,114537583
3,195510068
1,148644408
9,33798543
3,195507241
2,130832185
11,1016779
3,195507683
3,195513443
3,49897098
3,195509171
9,43822668
5,140581079
1,152189055
1,148756518
12,57522754
9,33385815
4,120192864
2,132237750
8,120744193
15,73023725
1,152186699
9,33797891
7,100677974
12,11546749
8,144873475
1,248436809
5,149584114
1,53158521
7,100678616
9,136915695
1,203044777
9,117800
3,195512480
7,45123090
10,135491113
1,13448351
2,98129690
17,61611569
7,100646199
1,152187554
3,195509113
12,11214368
2,242179129
9,43626759
12,4461695
5,476737
4,9245606
2,203653587
1,152185790
11,1017939
3,195508462
11,1017240
3,195515026
6,150240835
7,100643575
19,40901647
1,152187945
2,130872791
10,135491083
19,4511580
7,149506147
1,16902804
1,34667777
8,11990617
3,195507614
7,28996904
4,1388726
11,1018024
19,2248265
4,190876192
1,148756499
3,195515008
1,145299809
1,145299808
1,145299805
10,135491135
7,100637074
7,1131638
8,22451403
3,195511370
1,16912014
11,118343378
10,135438967
7,108155503
4,190947544
3,195515497
3,44776091
8,144996343
7,100637242
1,13696054
11,1016655
3,195507721
12,50367201
3,195506453
3,195505849
3,195509093
10,51225281
5,140176045
4,190876247
11,48346547
11,48346541
15,50784955
15,50784950
7,100612961
3,195513398
9,33798529
5,140038538
10,135490939
7,100637905
10,135490936
9,69200516
3,195513173
14,55605046
1,13695974
15,55710665
3,195511822
8,37963081
1,240370952
6,10756728
6,108197860
9,16967
9,43822686
17,48692787
10,135491077
10,135491072
6,41533574
2,10263566
3,195513847
22,40066873
9,139413211
11,56468449
1,152187183
1,144828707
1,22199882
1,148589005
3,195509071
5,140050907
1,47280830
1,12855667
20,42204913
4,190876269
4,190876263
9,70918542
11,610660
19,56029983
1,186301436
11,1016802
12,112165822
7,22533452
1,16918486
1,248652023
2,130939163
1,12907285
1,12907284
3,195511268
3,195511262
7,100641913
5,140581356
X,100748078
4,9250459
4,9250456
10,135491056
10,135491054
7,151962265
1,152188961
1,152188964
4,190874255
12,14613917
1,13474934
11,1016614
3,195511454
3,195511456
19,2248286
11,108384021
4,1389038
19,40149297
7,150696390
4,190878626
1,12907496
15,40573716
1,13695685
6,167594216
10,135490973
1,36181813
6,1314117
4,338186
10,135491030
9,70918670
9,33385740
7,100677704
3,16926642
9,43685298
4,190878608
11,1018462
4,367206
1,226259113
4,144922436
11,1016842
1,148004714
2,240982075
1,248652061
1,152732950
9,40705193
3,191179129
10,135491011
1,152188920
6,118015332
1,145368473
3,112357336
3,195511418
3,195511417
7,100679388
7,44579029
19,7692672
19,44302673
1,248525100
11,4703607
1,16907303
3,195506905
18,53303101
11,1017363
2,63053323
1,16893739
7,4247821
9,69423668
4,175898983
4,175898988
1,155148054
3,195507620
7,100636584
11,56468560
5,133914639
3,195506579
11,64856500
11,1265752
7,142460801
3,195509593
12,11214091
1,7890024
1,7890026
11,1017280
1,12939426
1,148756607
3,195515435
19,35625544
11,1018348
3,195505838
1,89448896
6,151358219
6,151358213
5,176825240
3,195507434
1,196874356
10,135491068
7,100636461
1,13474951
3,195511925
2,231256921
3,195511438
7,100645834
6,31238984
5,140050894
12,124421706
3,195506963
4,89660221
3,195508523
4,1388631
10,46999604
4,9212403
6,31627000
10,51853633
9,6014541
2,242423699
3,195507358
3,195507604
3,195506558
3,195506005
3,195506555
10,98138817
3,195509603
11,1016800
9,70177655
2,97827839
1,151259113
10,135490891
10,126678128
20,62203597
3,195507011
1,248436912
1,152192219
7,100678029
5,139745584
4,2461888
19,9002597
1,145302676
3,195514990
11,55579145
7,144015687
1,16892256
12,2797688
1,16915434
3,126138565
6,57398163
5,140627155
3,49735541
11,1017135
14,105614675
9,43685357
7,142460374
3,195514873
1,234556462
3,195515470
2,113671405
1,16893691
10,51465783
1,207726161
1,148754897
6,62390920
6,32714117
11,6190994
7,100679323
7,100679327
2,132021946
1,152186766
6,32557503
3,195508956
17,39346622
1,16905718
10,51465138
1,145021150
11,1017307
1,16894523
11,75317010
10,93425
18,59483281
3,195512606
1,16902844
5,50117112
4,190878571
4,190878577
3,195510601
7,100643832
6,31324078
19,42795827
5,158603804
1,156513841
11,1651615
1,16474932
2,132021629
3,195509641
5,156479572
3,195508115
1,12939440
19,4511948
11,3129103
3,195507059
3,195510011
3,195511945
1,148006259
10,123970021
1,13695787
10,117075090
1,152186178
9,35906559
6,158923001
7,45123943
2,220357464
11,56468704
1,144816621
2,114257162
11,92616485
11,92616488
3,195511534
19,17394637
1,145115883
7,100677995
1,12907848
7,151945225
3,195452960
11,76062335
13,113333878
2,204009437
11,48367163
20,48770159
10,119798924
7,100371474
12,122812697
11,1019464
1,145298363
3,195507077
4,1388324
11,62373575
3,195505979
10,93394
3,195508835
10,135440159
1,151140742
1,26671690
3,195512206
3,16926666
11,1016914
11,1016916
11,1016919
3,195509052
9,65505560
1,145299792
9,67927015
5,140531841
11,1017088
6,30997824
16,67327788
4,1389036
7,100644082
1,148582481
10,135491146
10,135491149
2,114257555
7,100679342
7,101989035
1,152186708
3,195510053
22,19435250
7,100680490
3,195507092
4,59350
3,195511897
12,16369828
11,1017945
1,13475186
3,16926648
15,91436551
8,11189184
11,1016934
1,34667784
1,12907803
1,12907802
1,16912164
4,78641637
3,195505836
3,195505835
3,196050862
11,1017710
6,29910688
7,134719421
2,219529924
10,135491165
1,26671719
3,195510073
6,33048606
11,1016890
2,113147238
2,169828367
4,5733216
6,144416537
7,100679429
1,144620009
1,89449237
3,195508691
9,33385750
8,102213962
9,33385808
1,908325
17,79409309
11,76171068
1,152187606
16,85942643
5,177171893
1,152187935
11,1016957
1,40535490
5,140594467
3,195508406
19,40895487
3,195505814
11,1018015
1,148022966
10,94025
11,1017591
3,195509756
12,11174390
12,11174397
3,195514324
3,195515052
10,135491107
2,132240243
20,18477732
21,43373522
7,77006706
2,153504371
1,16903848
3,195509102
1,12939504
3,195508418
11,1017900
2,29448423
3,195513203
17,26684449
7,100679240
1,200182732
19,36336428
4,1388759
8,11188922
1,12907370
7,37947150
4,190876214
1,148010911
10,135491126
7,45123881
1,148754851
7,100612952
12,11286746
3,195513439
7,35707069
3,195510169
7,143882559
1,43166630
1,152188847
11,26718732
11,1017921
11,18740268
1,183096529
3,195515483
3,50332888
2,29448410
1,151143970
3,195507173
7,100643703
3,195509108
7,100637251
3,113524266
3,195511486
3,195505855
3,195505859
19,56029976
10,135491039
7,44259762
7,100807151
11,56143715
11,48346551
6,32726774
3,195508046
1,152188940
20,1895813
11,1016833
10,135490907
1,152187562
3,195513413
3,195511369
3,195507817
5,176305594
10,46321527
11,1265872
7,45123185
3,195508903
11,1017277
9,70918571
10,135491080
3,195507481
2,97818241
5,140207965
22,19196615
1,12954921
3,195507155
19,36211499
11,1016640
7,100644775
3,195507731
11,3845156
11,3845159
1,22199894
7,100677516
7,100677519
4,190876250
19,536271
2,191383490
3,184293716
3,195505762
1,152190720
11,1016818
11,1018552
10,135490921
3,15677019
10,49389016
1,13696047
3,195506617
4,1388508
4,9245671
6,170627695
7,100641964
11,1017211
19,50435928
1,145302745
4,9250422
10,135491060
10,135491069
12,11244721
10,135491204
11,1016662
1,24447843
1,13448199
1,248224618
7,100677285
5,131630568
7,100679760
5,140605086
3,14200112
7,72081809
19,8999478
3,195508558
11,1018182
4,190876278
7,142459626
11,1018459
1,186276253
5,133914649
4,190878569
3,195507673
1,13696022
2,240982047
3,195510107
3,195513946
1,248652058
3,195511273
1,12939495
3,195509545
4,9250440
10,135491045
10,135491044
1,17280821
7,100638484
9,15989
1,204218334
3,195513826
13,43930118
7,75128597
1,148022984
1,220809274
10,135491028
3,25660229
9,33796734
12,11214101
1,144813815
3,195508574
3,195508571
4,190876293
17,77111772
17,77111776
11,129801109
8,101719201
3,195507874
4,16504323
12,11546677
7,32209425
1,147092352
10,135490964
2,240982060
3,195511877
3,195511870
1,248652071
7,100641922
6,167787844
10,135491021
1,16914275
6,32610487
5,23527239
4,90170862
12,6884651
6,151358222
7,55479727
11,1016628
3,195513667
6,32557486
1,148025797
6,32557489
6,138657595
2,113145814
7,45123823
1,209796950
3,195515099
7,100678098
4,1388817
4,1388819
8,145095687
8,145095684
7,72412591
3,195513491
1,155148045
1,145039594
1,16916395
9,43822704
1,16912099
8,120977570
3,195508982
10,135491006
3,195507406
3,195511937
7,100679390
1,16893752
12,11183035
3,195510083
3,195510085
17,47656601
1,16901021
7,45123660
4,175898994
4,175898990
10,51623190
7,143269773
1,152187588
16,85687999
3,195507349
1,100194174
7,76126737
5,137503739
2,42280448
1,248004660
9,40705251
7,100644027
12,11214082
16,1574650
7,45123780
3,97868656
11,1017294
2,132237927
1,175129955
9,43876040
3,195513515
3,195511918
19,17837593
3,195506953
3,195505909
17,56774121
1,12907798
3,195509423
21,11098728
10,135438955
3,195513180
5,177151329
6,57398154
6,57398157
2,98129716
2,98129717
3,195507941
3,195507943
9,43822749
5,140590211
2,152436012
11,62400952
6,3851012
3,126730864
1,24687389
19,47259734
3,195508476
9,35609189
2,130832598
7,100639710
3,195511973
9,43915893
3,195511396
3,195505925
1,12907408
7,100678032
19,9002587
11,75317003
9,35609179
3,195509402
10,135490987
21,11098704
1,161487805
2,69741854
1,152186141
1,152186144
1,152187810
19,59028629
4,66467418
3,195507925
3,195509879
3,195509651
2,240981459
2,29448415
3,195508133
2,96688929
9,43822762
7,100645731
19,15131273
11,1018314
1,16893689
10,135490847
19,48954448
10,4875551
9,67968476
18,72021717
8,101719121
11,1017417
3,195507020
2,108479487
10,93694
9,131186822
9,139972658
17,62029022
7,100679289
1,12939624
4,2178018
3,195507398
3,195452106
6,170627674
3,195505774
3,195505772
3,195515422
6,32713693
1,104163266
13,110435157
1,161518286
2,114257296
3,195507221
7,100679318
3,195507228
3,194181448
19,7680175
1,201046058
10,93416
3,195515290
6,31977528
3,195509339
10,22498749
7,45123377
12,11461745
1,220193423
8,86171695
3,195507694
5,140482242
11,1651645
