Patient,chromosome,position,gene
304,chr4,126237615,FAT4
304,chr8,11282107,FAM167A
304,chr10,6483878,PRKCQ
304,chr2,105883886,TGFBRAP1
304,chr9,37888039,MCART1
304,chr15,34130047,RYR3
304,chr1,179494568,C1orf125
304,chr1,15931072,LOC645317
304,chr13,77743760,MYCBP2
304,chr17,27022475,SUPT6H
7370,chr12,102813362,IGF1
7370,chr1,169951180,KIFAP3
7370,chr11,5730293,TRIM22
7370,chr6,159653426,FNDC1
7370,chr13,53603063,OLFM4
7370,chr5,175111114,HRH2
7370,chr6,102134218,GRIK2
7370,chr11,5345286,OR51B2
7370,chr13,25444721,RNF17
7370,chr13,25743945,FAM123A
7370,chr18,48248352,MAPK4
7370,chr2,11802311,NTSR2
7370,chr19,19105995,SFRS14
7370,chr19,13988149,NANOS3
7370,chr14,24878499,NYNRIN
7370,chrX,595436,SHOX
14636,chr9,103213210,C9orf30
14636,chr8,24346794,ADAM7
14636,chr4,177190258,ASB5
14636,chr1,86308060,COL24A1
14636,chrX,27839596,MAGEB10
14636,chr1,40148347,HPCAL4
14636,chr1,37324729,GRIK3
14636,chrY,2712199,RPS4Y1
14636,chr4,100573425,LOC285556
14636,chr13,109318323,MYO16
14636,chr13,46170983,FAM194B
14636,chr8,77767338,ZFHX4
14636,chr3,178936091,PIK3CA
31295,chr8,7718180,SPAG11A
31295,chr8,110491840,PKHD1L1
737269,chr6,70984436,COL9A1
745134,chr4,119952955,SYNPO2
745134,chr5,78421959,BHMT
745134,chr13,21957120,ZDHHC20
745137,chr19,36033417,GAPDHS
745137,chr6,57398226,PRIM2
745137,chr10,135439804,FRG2B
745137,chr6,57398264,PRIM2
745137,chr6,57398201,PRIM2
745137,chr6,57398154,PRIM2
745137,chr6,57398163,PRIM2
745137,chr6,57398157,PRIM2
745137,chr6,57467100,PRIM2
758131,chr7,156761818,NOM1
758131,chr8,7416487,FAM90A7
758131,chr11,124761326,ROBO4
758131,chr7,107395899,CBLL1
758131,chr8,133623581,LRRC6
758131,chr7,83032081,SEMA3E
758131,chr2,240981808,PRR21
758131,chr11,66102557,RIN1
758131,chr5,37186438,C5orf42
758131,chr9,119202909,ASTN2
758131,chr8,77766208,ZFHX4
758131,chr2,201474086,AOX1
758131,chr1,86909650,CLCA2
758132,chr8,65528472,CYP7B1
758132,chr9,135926300,GTF3C5
758132,chr14,94847212,SERPINA1
758132,chr14,93963561,KIAA1409
758132,chr2,225244555,FAM124B
758132,chr6,130497041,SAMD3
758132,chr19,10602646,KEAP1
758132,chr6,29394566,OR11A1
758132,chr4,144797945,GYPE
758132,chr7,18067268,PRPS1L1
758132,chr5,121488541,ZNF474
758132,chr9,74970894,ZFAND5
758132,chr1,24483846,IL28RA
758132,chr8,105503239,LRP12
758132,chr1,17727743,PADI6
758132,chr9,129853964,RALGPS1
758132,chr9,129853964,ANGPTL2
758132,chr19,15289947,NOTCH3
758132,chr5,68603846,CCDC125
758132,chr3,391223,CHL1
758132,chr19,15289950,NOTCH3
758132,chr13,102227864,ITGBL1
758132,chr5,127693070,FBN2
758132,chr16,30134508,MAPK3
758132,chr9,117822236,TNC
758132,chr13,25670484,PABPC3
758132,chr16,72827689,ZFHX3
758132,chr16,81174992,PKD1L2
758132,chr16,81174999,PKD1L2
758132,chr16,77353882,ADAMTS18
758132,chr6,36339136,ETV7
758132,chr6,30552235,ABCF1
758132,chr9,712156,KANK1
758132,chr14,52937255,TXNDC16
758132,chr14,94582184,IFI27
758132,chr9,328079,DOCK8
758132,chr6,38773293,DNAH8
758132,chr9,78910273,LOC100289618
758132,chr19,17396523,ANKLE1
758132,chr19,10475652,TYK2
758132,chr17,7291869,TNK1
758132,chr19,15290007,NOTCH3
758132,chr16,75563330,CHST5
758132,chr16,88494976,ZNF469
758132,chr6,31122500,CCHCR1
758132,chr19,13059147,RAD23A
758132,chr1,1900186,KIAA1751
758132,chr14,81610634,TSHR
758132,chr9,100070367,KIAA1529
758132,chr9,99522508,ZNF510
758132,chr19,9068364,MUC16
758132,chr14,51368610,ABHD12B
758132,chr13,103400729,LOC643677
758132,chr13,100518580,CLYBL
758132,chr6,34512195,SPDEF
758132,chr6,29364615,OR12D2
758132,chr16,87760445,KLHDC4
758132,chr14,104165747,KLC1
758132,chr14,104165747,XRCC3
758132,chr16,67235672,ELMO3
758132,chr6,31122482,CCHCR1
758132,chr1,11894062,CLCN6
758132,chr19,21326358,ZNF431
758132,chr6,101094516,ASCC3
758132,chr6,170155468,C6orf70
758132,chr13,101287340,TMTC4
758132,chr14,100847707,WDR25
758132,chr9,100133931,KIAA1529
758132,chr14,60932752,C14orf39
758132,chr1,11831615,C1orf167
758132,chr9,132375432,C9orf50
758132,chr13,25020863,PARP4
758132,chr9,96422489,PHF2
758132,chr16,87744972,KLHDC4
758132,chr14,64608756,SYNE2
758132,chr16,89869704,FANCA
758132,chr19,22375868,ZNF676
758132,chr6,29364643,OR12D2
758132,chr1,15639581,FHAD1
758132,chr6,30139944,TRIM15
758132,chr6,31124849,CCHCR1
758132,chr13,103399837,LOC643677
758132,chr19,12461135,ZNF442
758132,chr16,83984857,OSGIN1
758132,chr9,78910241,LOC100289618
758132,chr17,8296440,RNF222
758132,chr16,57144813,CPNE2
758132,chr6,35108553,TCP11
758132,chr16,71483497,ZNF23
