CHRM,POS,REF,GENE,EFFECT_IMPACT,COSMIC,dbSNP_Clinical,ESP_EA,ESP_AFR_A,1000Gp1_AFR,1000Gp1_EUR,1000Gp1_AMR,1000Gp1,SIFT,GERP_RS,GERP_NR,logOdds,PolyPhen2,Composite_Score,Gene#AA,Num_Patients_Primary,Num_Patients_Metastasis,ALT_1_P,AF_1_P,DP_1_P,RS_1_P,PV_1_P,ALT_1_M,AF_1_M,DP_1_M,RS_1_M,PV_1_M,ALT_2_P,AF_2_P,DP_2_P,RS_2_P,PV_2_P,ALT_2_M,AF_2_M,DP_2_M,RS_2_M,PV_2_M,ALT_3_P,AF_3_P,DP_3_P,RS_3_P,PV_3_P,ALT_3_M,AF_3_M,DP_3_M,RS_3_M,PV_3_M,ALT_6_P,AF_6_P,DP_3_P,RS_6_P,PV_6_P,ALT_6_M,AF_6_M,DP_3_M,RS_6_M,PV_6_M,ALT_9_P,AF_9_P,DP_9_P,RS_9_P,PV_9_P,ALT_9_M,AF_9_M,DP_9_M,RS_9_M,PV_9_M,ALT_10_P,AF_10_P,DP_10_P,RS_10_P,PV_10_P,ALT_10_M,AF_10_M,DP_10_M,RS_10_M,PV_10_M,ALT_11_P,AF_11_P,DP_11_P,RS_11_P,PV_11_P,ALT_11_M,AF_11_M,DP_11_M,RS_11_M,PV_11_M,ALT_12_P,AF_12_P,DP_12_P,RS_12_P,PV_12_P,ALT_12_M,AF_12_M,DP_12_M,RS_12_M,PV_12_M,ALT_13_P,AF_13_P,DP_13_P,RS_13_P,PV_13_P,ALT_13_M,AF_13_M,DP_13_M,RS_13_M,PV_13_M,PT_1,PT_2,PT_3,PT_6,PT_9,PT_10,PT_11,PT_12,PT_13,Likely_Somatic,IGV,BLAT_scores
7,142460801,A,PRSS1,MODERATE,No,No,NA,NA,NA,NA,NA,NA,0.33,-4.1,3.18,4.4839,B,0.163819643,PRSS1#K225R,6,5,G,0.125,72,9,2.824720182,G,0.1034,58,5,1.865153791,,,,,,,,,,,G,0.0759,79,5,1.848906077,,,,,,,,,,,,,,,,G,0.0708,240,16,5.244964066,G,0.0602,133,8,2.455287197,G,0.0894,123,10,3.412794322,G,0.0662,136,9,2.768606877,G,0.1084,166,17,5.629931239,G,0.1104,154,17,5.320236064,G,0.1538,104,15,5.087501614,G,0.0778,167,12,4.018779582,,,,,,,,,,,0.875,0.971428571,0.924050633,0.984126984,0.925925926,0.911290323,0.892215569,0.846153846,1,y,chr7:142460791-142460811,200(100)#185(92)#182(91)#180(90)#33(16)#
11,129801109,T,PRDM10,MODERATE,No,No,NA,NA,NA,NA,NA,NA,0.32,-3.75,5.16,13.7358,B,0.330282143,PRDM10#E358D|PRDM10#E358D|PRDM10#E444D|PRDM10#E444D,6,7,,,,,,,,,,,G,0.1447,76,10,3.480290108,G,0.2769,65,17,6.01157037,G,0.2308,65,15,4.91129704,G,0.2078,77,16,5.193548677,G,0.2037,54,10,3.556783966,G,0.2857,49,13,4.684113584,G,0.1486,74,10,3.485213252,G,0.1296,54,6,2.197123698,,,,,,,,,,,,,,,,G,0.2462,65,16,5.273028416,G,0.1042,48,5,1.552624876,G,0.1042,48,5,1.552624876,G,0.2692,78,20,6.997272527,G,0.2083,96,19,6.499969466,1,0.785714286,0.753623188,0.74137931,0.844155844,0.848484848,0.913793103,0.9,0.662790698,y,chr11:129801099-129801119,200(100)#
1,156513841,A,IQGAP3,MODERATE,No,No,NA,NA,NA,NA,NA,NA,0.02,2.56,4.87,8.2859,P,0.649379338,IQGAP3#V821G,5,3,C,0.0984,61,6,1.862108102,,,,,,,,,,,,,,,,,,,,,,,,,,,,,,,,,,,,C,0.0723,166,12,3.701802133,C,0.0612,147,8,2.764042521,C,0.1053,190,20,6.24960733,,,,,,C,0.0781,128,9,3.089599736,C,0.0841,107,8,2.785368055,C,0.0957,115,11,3.420193546,C,0.0719,139,9,3.083104086,,,,,,,,,,,0.850746269,0.972222222,0.935483871,0.886363636,0.867021277,0.833333333,0.868055556,0.889830508,1,y,chr1:156513831-156513851,200(100)#
7,33044951,C,FKBP9,MODERATE,No,No,NA,NA,NA,NA,NA,NA,0.01,-3.51,5.07,14.0577,D,0.7225,FKBP9#H567Q,5,5,G,0.0857,105,8,2.786880861,G,0.087,69,6,1.855363532,,,,,,,,,,,,,,,,,,,,,,,,,,,,,,,G,0.1388,454,63,19.96895528,G,0.1375,371,51,16.15400328,G,0.0706,85,6,1.845789118,G,0.0898,256,22,7.148234251,G,0.1561,205,32,10.20273246,G,0.1552,174,27,8.602494503,G,0.0945,127,12,3.730603817,G,0.1045,220,22,7.188264174,,,,,,,,,,,0.914285714,0.974025974,0.983870968,0.988636364,0.861842105,0.929411765,0.846153846,0.905511811,1,y,chr7:33044941-33044961,200(100)#193(96)#
19,8999498,G,MUC16,MODERATE,No,No,NA,NA,NA,NA,NA,NA,0.31,-6.19,3.48,0.1408,B,0.313764286,MUC16#S13559R,5,6,T,0.1236,89,11,3.454025252,T,0.1429,35,5,1.571508842,,,,,,,,,,,,,,,,T,0.1132,53,5,1.871019476,,,,,,,,,,,T,0.1307,375,49,15.48329279,T,0.0858,233,19,6.207139246,T,0.0694,144,9,3.08048783,T,0.1034,290,29,9.374234966,T,0.0655,229,14,4.618289414,T,0.0628,207,12,3.997790727,T,0.0559,143,7,2.451905535,T,0.0773,181,13,4.328503178,,,,,,,,,,,0.866666667,0.972222222,0.862068966,0.953846154,0.855643045,0.931034483,0.935344828,0.944444444,1,y,chr19:8999488-8999508,200(100)#163(81)#162(81)#160(80)#145(72)#
1,7890026,A,PER3,MODERATE,No,No,NA,NA,NA,NA,NA,NA,1,NA,NA,NA,B,0,PER3#K998E,4,4,,,,,,,,,,,G,0.1765,136,24,7.707788247,G,0.1651,109,17,5.750361454,,,,,,,,,,,,,,,,,,,,,G,0.1176,136,15,5.019782944,G,0.0662,136,9,2.768606877,G,0.0571,105,5,1.838033384,,,,,,,,,,,,,,,,,,,,,G,0.1525,59,8,2.852200051,G,0.1224,98,11,3.767817366,G,0.1881,101,18,6.124967691,0.974025974,0.824817518,0.954545455,0.960151803,0.877697842,0.942857143,1,0.944444444,0.861386139,y,chr1:7890016-7890036,200(100)#
1,34667777,A,C1orf94,MODERATE,No,No,NA,NA,NA,NA,NA,NA,0.02,0.16,5.71,4.2423,P,0.452760611,C1orf94#T265P|C1orf94#T455P,4,3,,,,,,,,,,,C,0.0652,184,11,3.692782171,C,0.051,157,8,2.447916102,C,0.0606,198,11,3.686913524,C,0.0628,239,15,4.613857891,C,0.0662,287,18,5.853282964,C,0.0633,158,10,3.074074553,,,,,,,,,,,,,,,,,,,,,,,,,,,,,,,,,,,,,,,,,C,0.0585,171,10,3.06908661,,,,,,0.88372093,0.756862745,0.796,0.77540107,0.932926829,0.951612903,0.951612903,1,0.83490566,y,chr1:34667767-34667787,200(100)#
1,220809274,G,MARK1,MODERATE,No,No,NA,NA,NA,NA,NA,NA,0.11,4.94,6.03,16.1889,B,0.691059287,MARK1#R459P,4,2,,,,,,,,,,,,,,,,,,,,,,,,,,,,,,,,,,,,,,,,,C,0.0738,149,10,3.394425624,,,,,,C,0.0633,158,10,3.074074553,C,0.0843,83,6,2.16440454,C,0.0649,77,4,1.534200901,C,0.0877,114,9,3.099769463,C,0.0652,92,5,1.84269437,,,,,,,,,,,,,,,,0.965517241,0.944444444,1,0.916666667,0.892857143,0.894444444,0.926829268,0.875,1,y,chr1:220809264-220809284,200(100)#
8,120977570,T,DEPTOR,MODERATE,No,No,NA,NA,NA,NA,NA,NA,0,5.31,5.31,15.2821,P,0.875,DEPTOR#V175G,4,4,,,,,,,,,,,,,,,,,,,,,,,,,,,,,,,,,,,,,,,,,G,0.0952,126,11,3.731585855,G,0.082,183,15,4.645219501,G,0.0714,196,13,4.3188583,G,0.1152,191,22,6.901114106,G,0.08,100,8,2.47143036,G,0.0759,79,5,1.848906077,G,0.0789,76,5,1.850657701,G,0.1077,130,14,4.374831652,,,,,,,,,,,0.857142857,1,1,0.868421053,0.833333333,0.889423077,0.869158879,0.86746988,0.888888889,y,chr8:120977560-120977580,200(100)#
11,610660,A,PHRF1#IRF7,MODIFIER#MODERATE,No,No,NA,NA,NA,NA,NA,NA,0.04,-3.23,4.02,7.0241,P,0.490430357,IRF7#|IRF7#|IRF7#|PHRF1#T1525P,4,4,,,,,,,,,,,C,0.0602,133,8,2.455287197,C,0.082,122,10,3.093664958,C,0.0593,135,8,2.454569171,C,0.0745,188,14,4.323470996,C,0.0524,248,12,3.983468059,C,0.0503,198,9,3.06087029,,,,,,,,,,,,,,,,,,,,,,,,,,,,,,,,,,,,,,,,,C,0.0854,82,7,2.166642488,C,0.0559,143,7,2.451905535,0.925925926,0.832298137,0.878980892,0.836666667,0.960526316,0.955882353,0.955223881,1,0.806122449,y,chr11:610650-610670,200(100)#
12,9244021,C,A2M,MODERATE,No,No,NA,NA,NA,NA,NA,NA,1,-2.05,5.28,7.283,B,0.130053571,A2M#A749S,4,3,,,,,,,,,,,A,0.098,51,4,1.549704693,,,,,,,,,,,,,,,,,,,,,A,0.0779,77,5,1.850042291,A,0.0848,166,14,4.339324212,A,0.0566,159,8,2.759800325,A,0.0568,229,13,3.989445648,A,0.1184,152,17,5.650605899,A,0.0674,89,5,1.843935688,,,,,,,,,,,,,,,,,,,,,,,,,,0.962962963,0.901960784,1,0.987179487,0.909638554,0.943965517,0.93258427,1,1,y,chr12:9244011-9244031,200(100)#129(64)#
12,11174390,G,MIR1244-3#MIR1244-2#MIR1244-1#PRH1-PRR4#TAS2R19,MODIFIER#MODERATE,No,No,NA,NA,NA,NA,NA,NA,1,-5.38,2.69,1.0331,B,0.018448214,MIR1244-1#|MIR1244-2#|MIR1244-3#|PRH1-PRR4#|TAS2R19#L261F,4,6,,,,,,,,,,,A,0.1216,74,8,2.821425897,A,0.0789,76,5,1.850657701,,,,,,,,,,,A,0.0926,108,10,3.104975463,A,0.121,124,15,4.710857164,A,0.0814,221,17,5.575118363,A,0.0751,173,12,4.014986909,,,,,,A,0.1395,129,17,5.695078838,,,,,,A,0.0563,142,7,2.452225295,A,0.1852,135,25,8.057337276,A,0.0994,171,16,5.299045468,,,,,,,,,,,0.975,0.878378378,0.921052632,0.907407407,0.918552036,1,0.967213115,0.808823529,1,y,chr12:11174380-11174400,200(100)#184(92)#184(92)#
12,11174397,T,MIR1244-3#MIR1244-2#MIR1244-1#PRH1-PRR4#TAS2R19,MODIFIER#MODERATE,No,No,NA,NA,NA,NA,NA,NA,0.3,0.123,2.52,2.0704,B,0.13667381,MIR1244-1#|MIR1244-2#|MIR1244-3#|PRH1-PRR4#|TAS2R19#K258N,4,6,,,,,,,,,,,A,0.1528,72,11,3.490434597,A,0.0658,76,5,1.534602276,,,,,,,,,,,A,0.0971,103,10,3.109797022,A,0.1322,121,15,5.046747845,A,0.0783,230,18,5.568748845,A,0.0636,173,11,3.382538335,,,,,,A,0.144,125,18,5.704608852,,,,,,A,0.0552,145,8,2.451291275,A,0.1985,131,26,8.424754407,A,0.1006,169,17,5.301308033,,,,,,,,,,,0.972972973,0.847222222,0.916666667,0.903846154,0.922077922,1,0.968253968,0.803030303,1,y,chr12:11174387-11174407,200(100)#185(92)#184(92)#
12,11214082,T,MIR1244-3#MIR1244-2#MIR1244-1#PRH1-PRR4#TAS2R46,MODIFIER#MODERATE,No,No,NA,NA,NA,NA,NA,NA,0.04,1.26,2.54,2.2157,B,0.403581819,MIR1244-1#|MIR1244-2#|MIR1244-3#|PRH1-PRR4#|TAS2R46#Y271C,4,6,C,0.1069,131,14,4.373536446,C,0.1164,189,21,6.904238041,,,,,,,,,,,,,,,,C,0.0909,77,6,2.16905865,C,0.1154,78,9,2.815336955,C,0.068,103,7,2.15293349,C,0.0592,692,40,12.60733821,,,,,,,,,,,C,0.1672,287,47,15.3811573,,,,,,C,0.0672,357,23,7.398341917,C,0.0868,265,23,7.140267432,C,0.1194,360,42,13.52351618,,,,,,,,,,,0.874074074,0.967391304,0.966666667,0.873417722,0.937052933,0.988095238,0.965686275,0.907063197,1,y,chr12:11214072-11214092,200(100)#190(95)#189(94)#182(91)#
12,11214091,G,MIR1244-3#MIR1244-2#MIR1244-1#PRH1-PRR4#TAS2R46,MODIFIER#MODERATE,No,No,NA,NA,NA,NA,NA,NA,1,-5.08,2.54,8.2831,B,0.1479125,MIR1244-1#|MIR1244-2#|MIR1244-3#|PRH1-PRR4#|TAS2R46#A268G,4,6,C,0.1159,138,15,5.016657924,C,0.1141,184,20,6.584225617,,,,,,,,,,,,,,,,C,0.0946,74,7,2.171688194,C,0.1233,73,9,2.823041019,C,0.0714,98,6,2.155348893,C,0.0561,696,39,11.97868663,,,,,,,,,,,C,0.1661,289,48,15.37411162,,,,,,C,0.0712,351,24,7.71867114,C,0.0892,270,24,7.458682909,C,0.1232,357,43,13.85848752,,,,,,,,,,,0.884057971,0.966666667,0.93877551,0.876712329,0.93982808,1,0.963541667,0.900369004,1,y,chr12:11214081-11214101,200(100)#190(95)#189(94)#182(91)#
12,11214101,C,MIR1244-3#MIR1244-2#MIR1244-1#PRH1-PRR4#TAS2R46,MODIFIER#MODERATE,No,No,NA,NA,NA,NA,NA,NA,1,-3.45,2.54,6.5896,B,0.117671429,MIR1244-1#|MIR1244-2#|MIR1244-3#|PRH1-PRR4#|TAS2R46#E265Q,4,6,G,0.1094,128,14,4.377475138,G,0.0989,182,17,5.610390984,,,,,,,,,,,,,,,,G,0.0952,63,5,1.860246814,G,0.1475,61,8,2.847130946,G,0.0761,92,7,2.158602984,G,0.0527,664,34,10.73740654,,,,,,,,,,,G,0.1638,287,47,15.04638526,,,,,,G,0.0657,336,22,6.777856031,G,0.0909,253,22,7.151023092,G,0.1197,351,42,13.20975707,,,,,,,,,,,0.890625,0.975308642,0.954545455,0.852459016,0.937406855,1,0.951612903,0.909448819,1,y,chr12:11214091-11214111,200(100)#185(92)#183(91)#183(91)#34(17)#
13,25670868,G,PABPC3,MODERATE,No,No,NA,NA,NA,NA,NA,NA,0.02,0.828,0.828,7.4633,B,0.628273214,PABPC3#E178K,4,3,,,,,,,,,,,,,,,,,,,,,,,,,,,,,,,,,,,,,,,,,A,0.0762,105,8,2.46830399,,,,,,,,,,,,,,,,A,0.1481,54,7,2.529339648,A,0.0714,112,7,2.464946518,A,0.1507,73,11,3.487782695,A,0.0941,85,7,2.483094609,A,0.0676,74,5,1.535421039,A,0.1591,44,7,2.219229184,1,0.959183673,0.942857143,0.818181818,0.889908257,1,0.821428571,0.765432099,0.873417722,y,chr13:25670858-25670878,200(100)#192(96)#184(92)#
14,70924613,C,ADAM21,HIGH,No,No,NA,NA,NA,NA,NA,NA,0.8,3.76,3.76,12.162,NA,0.656238095,ADAM21#R133*,4,4,T,0.0581,86,4,1.531076946,T,0.0649,77,4,1.534200901,,,,,,,,,,,,,,,,T,0.1471,34,5,1.573602614,,,,,,,,,,,T,0.1792,106,18,6.103948018,T,0.1944,72,13,4.517798378,T,0.0794,126,10,3.090909536,,,,,,T,0.0864,81,6,2.165878255,,,,,,,,,,,T,0.1068,103,11,3.433562508,,,,,,,,,,,0.931818182,0.941176471,0.970588235,1,0.824074074,0.921875,0.902439024,0.943181818,1,y,chr14:70924603-70924623,200(100)#190(95)#
15,91436551,A,FES,MODERATE,No,No,NA,NA,NA,NA,NA,NA,0.09,4.29,5.42,11.129,P,0.735360372,FES#E523G|FES#E581G|FES#E593G|FES#E651G,4,5,,,,,,G,0.5556,9,5,1.832505438,G,0.3333,66,21,7.536345864,G,0.1915,47,9,2.892416969,G,0.3913,46,17,6.318785907,G,0.2597,77,19,6.636256436,G,0.2597,77,19,6.636256436,G,0.2857,70,19,6.708386983,,,,,,,,,,,,,,,,,,,,,,,,,,,,,,,,,,,,,,,,,G,0.1778,45,8,2.555830245,G,0.2759,58,16,5.347763332,0.6,0.61038961,0.5,0.701149425,0.842105263,1,0.961538462,0.947368421,0.769230769,y,chr15:91436541-91436561,200(100)#
X,147010263,A,FMR1,MODIFIER#MODERATE,No,No,NA,NA,NA,NA,NA,NA,0.13,4.07,5.25,7.1648,P,0.655502381,FMR1#|FMR1#|FMR1#K119N|FMR1#K119N|FMR1#K119N|FMR1#K119N|FMR1#K119N,4,5,,,,,,,,,,,,,,,,,,,,,,,,,,,,,,,,,,,,,,,,,C,0.1157,121,13,4.387481038,C,0.0648,108,6,2.150752618,,,,,,C,0.0543,92,4,1.529339648,C,0.1325,83,10,3.465047879,C,0.1345,119,16,5.050893109,C,0.0756,119,8,2.777413577,C,0.0645,93,5,1.842271316,C,0.0877,57,4,1.544820024,C,0.1463,41,5,1.891401154,0.823529412,0.846153846,1,0.888888889,0.734693878,0.920454545,0.747474747,0.785234899,0.803030303,y,chrX:147010253-147010273,200(100)#
X,150791439,C,PASD1,MODERATE,No,No,NA,NA,NA,NA,NA,NA,0.01,-0.142,3.26,2.4455,B,0.291169643,PASD1#S150F,4,4,,,,,,,,,,,,,,,,T,0.0625,80,5,1.533087915,T,0.0732,82,6,1.847283689,,,,,,T,0.0575,87,5,1.530782,,,,,,T,0.0714,182,12,4.009781059,T,0.0671,149,9,3.078053546,,,,,,,,,,,T,0.056,125,6,2.144668655,,,,,,,,,,,T,0.073,137,10,3.084204572,,,,,,T,0.0825,206,16,5.266891048,0.875,0.871794872,0.888888889,0.904761905,0.87254902,1,0.893617021,0.927272727,0.897777778,y,chrX:150791429-150791449,200(100)#
1,145115883,G,SEC22B#FLJ39739#PPIAL4A#PPIAL4C#PPIAL4B#LOC728855,MODIFIER#MODERATE,No,No,NA,NA,NA,NA,NA,NA,NA,NA,NA,NA,NA,NA,FLJ39739#|LOC728855#|PPIAL4A#|PPIAL4B#|PPIAL4C#|SEC22B#W214C,3,3,T,0.1407,270,37,12.04728503,T,0.1005,388,38,12.17672144,T,0.1475,61,8,2.847130946,T,0.1429,112,16,5.06666459,T,0.2375,80,19,6.245904057,T,0.2135,89,19,6.186218922,,,,,,,,,,,,,,,,,,,,,,,,,,,,,,,,,,,,,,,,,,,,,,,,,,,,,,,,,,,,,0.856617647,0.852459016,0.7625,1,0.996161228,1,1,0.996491228,1,y,chr1:145115873-145115893,200(100)#
1,207850792,C,CR1L,MODERATE,No,No,NA,NA,NA,NA,NA,NA,1,-0.623,2.55,4.8911,B,0.087341071,CR1L#D52E,3,2,,,,,,,,,,,G,0.0909,99,8,2.791800583,,,,,,G,0.0989,91,8,2.799423073,G,0.1134,97,10,3.44301041,,,,,,G,0.131,84,11,3.46310082,,,,,,,,,,,,,,,,,,,,,,,,,,,,,,,,,,,,,,,,,G,0.1442,104,14,4.751340257,,,,,,0.971223022,0.91,0.901098901,0.965909091,0.961748634,1,1,0.97979798,0.855769231,y,chr1:207850782-207850802,200(100)#190(95)#
2,29448423,T,ALK,MODERATE,No,No,NA,NA,NA,NA,NA,NA,NA,3.5,4.72,3.995,B,0.342294189,ALK#T1026P,3,4,,,,,,,,,,,,,,,,G,0.1739,46,7,2.552330423,G,0.1,50,5,1.550645041,G,0.1282,78,9,3.143790883,G,0.1507,73,11,3.487782695,G,0.1186,59,6,2.189048735,,,,,,,,,,,,,,,,,,,,,,,,,,,,,,,,,,,,,,,,,G,0.1064,47,5,1.553695886,G,0.1111,63,6,2.18356646,0.851851852,0.85,0.865384615,0.826666667,1,0.976744186,1,0.942857143,0.84,y,chr2:29448413-29448433,200(100)#
5,140594467,G,PCDHB13#PCDHB12,MODIFIER#MODERATE,No,No,NA,NA,NA,NA,NA,NA,0.38,-6.81,3.51,7.1952,B,0.205985714,PCDHB12#|PCDHB13#V258I,3,1,A,0.0847,59,4,1.543421427,,,,,,,,,,,,,,,,A,0.1146,96,11,3.44301041,A,0.1159,164,19,5.959674621,,,,,,,,,,,,,,,,,,,,,,,,,,,,,,,A,0.0663,196,12,4.002666049,,,,,,,,,,,,,,,,,,,,,,,,,,0.915254237,0.994535519,0.885416667,1,1,1,0.934010152,0.993506494,1,y,chr5:140594457-140594477,200(100)#184(92)#
5,140594470,G,PCDHB13#PCDHB12,MODIFIER#MODERATE,No,No,NA,NA,NA,NA,NA,NA,0.01,2.62,3.51,7.4592,B,0.567309687,PCDHB12#|PCDHB13#G259S,3,1,A,0.0862,58,4,1.544104961,,,,,,,,,,,,,,,,A,0.1122,98,10,3.440165165,A,0.1118,161,17,5.636877112,,,,,,,,,,,,,,,,,,,,,,,,,,,,,,,A,0.066,197,13,4.002198744,,,,,,,,,,,,,,,,,,,,,,,,,,0.913793103,1,0.887755102,1,1,0.992805755,0.934673367,1,1,y,chr5:140594460-140594480,200(100)#188(94)#
6,32714117,C,HLA-DQA2,MODERATE,No,No,NA,NA,NA,NA,NA,NA,1,0.971,3.06,6.8596,B,0.201822923,HLA-DQA2#F238L,3,2,G,0.1304,46,5,1.88153686,G,0.2759,29,8,2.649907115,G,0.0702,171,12,3.699100312,,,,,,,,,,,,,,,,G,0.0743,202,15,4.632550893,G,0.1119,134,14,4.695423311,,,,,,,,,,,,,,,,,,,,,,,,,,,,,,,,,,,,,,,,,,,,,,,,,,,0.869565217,0.929824561,1,0.925742574,0.994382022,0.963855422,0.994011976,1,1,y,chr6:32714107-32714127,200(100)#200(100)#200(100)#200(100)#198(99)#198(99)#198(99)#197(98)#191(95)#191(95)#189(94)#189(94)#187(93)#187(93)#179(89)#
6,108197860,G,SEC63,MODERATE,No,No,NA,NA,NA,NA,NA,NA,0.19,4.89,4.89,18.4295,B,0.60125,SEC63#Q648K,3,1,,,,,,,,,,,,,,,,,,,,,,,,,,,,,,,,,,,,,,,,,T,0.0566,106,5,1.837734386,,,,,,,,,,,,,,,,T,0.1091,55,6,1.86854174,T,0.0641,78,4,1.533814743,T,0.1029,68,6,2.178768232,,,,,,,,,,,,,,,,0.888888889,0.8,1,0.777777778,0.925925926,0.857142857,0.875,0.871428571,0.826086957,y,chr6:108197850-108197870,200(100)#103(51)#
7,72081809,T,MIR4650-2#MIR4650-1#TYW1B,MODIFIER#MODERATE,No,No,NA,NA,NA,NA,NA,NA,NA,NA,NA,NA,NA,NA,MIR4650-1#|MIR4650-2#|TYW1B#R383G|TYW1B#R545G,3,3,,,,,,C,0.0574,122,7,2.145615003,,,,,,,,,,,,,,,,,,,,,,,,,,,,,,,C,0.1486,471,69,22.27546199,C,0.1988,327,65,21.1023894,,,,,,,,,,,,,,,,,,,,,C,0.102,147,14,4.678670887,C,0.1801,311,56,18.04018139,C,0.0769,65,4,1.539763871,,,,,,0.951923077,0.971428571,1,1,0.850840336,1,1,0.898648649,0.923076923,y,chr7:72081799-72081819,200(100)#195(97)#
7,108155503,A,PNPLA8,MODERATE,No,No,NA,NA,NA,NA,NA,NA,0.6,4.64,5.78,5.5996,B,0.350684899,PNPLA8#L145V|PNPLA8#L145V|PNPLA8#L145V|PNPLA8#L145V|PNPLA8#L45V|PNPLA8#L45V,3,2,,,,,,,,,,,,,,,,,,,,,,,,,,,,,,,,,,,,,,,,,C,0.0769,78,5,1.849489167,,,,,,,,,,,,,,,,C,0.1129,62,6,2.184867399,C,0.1016,128,13,4.052566278,C,0.1096,73,8,2.496086806,C,0.0824,85,7,2.163005335,,,,,,,,,,,0.884615385,0.916666667,1,1,0.833333333,,0.84,0.790697674,0.928571429,y,chr7:108155493-108155513,200(100)#49(24)#
7,142459689,A,PRSS1,MODERATE,No,No,NA,NA,NA,NA,NA,NA,0.07,0.473,3.28,3.9431,P,0.347714329,PRSS1#N89Y,3,1,T,0.0537,149,8,2.450102081,,,,,,,,,,,,,,,,,,,,,,,,,,,,,,,,,,,,,,,,,,,,,,T,0.0719,292,20,6.483517511,T,0.0823,632,52,16.12864894,,,,,,,,,,,T,0.0654,153,10,3.07622251,,,,,,,,,,,,,,,,0.946666667,0.959677419,1,0.994152047,0.998505232,0.928813559,1,0.935064935,0.987179487,y,chr7:142459679-142459699,200(100)#167(83)#165(82)#123(61)#
12,11183406,C,MIR1244-3#MIR1244-2#MIR1244-1#PRH1-PRR4#TAS2R31,MODIFIER#MODERATE,No,No,NA,NA,NA,NA,NA,NA,0.37,-5.24,2.62,0.5027,B,0.087726786,MIR1244-1#|MIR1244-2#|MIR1244-3#|PRH1-PRR4#|TAS2R31#A177T,3,3,,,,,,,,,,,T,0.0538,93,5,1.529075247,T,0.0725,69,5,1.537691865,,,,,,,,,,,T,0.0794,63,5,1.54090921,T,0.0575,87,5,1.530782,,,,,,,,,,,,,,,,,,,,,,,,,,,,,,,T,0.0538,93,5,1.529339648,T,0.069,116,8,2.462420147,,,,,,,,,,,0.993939394,0.946236559,0.931818182,0.920634921,0.981308411,1,0.988372093,0.935483871,1,y,chr12:11183396-11183416,200(100)#181(90)#180(90)#180(90)#
14,90433741,G,TDP1,MODERATE,No,No,NA,NA,NA,NA,NA,NA,1,-9.2,5.74,16.6167,B,0.25,TDP1#V212L|TDP1#V212L,3,3,,,,,,,,,,,,,,,,,,,,,,,,,,,,,,,,,,,,,,,,,,,,,,C,0.0652,138,8,2.767715598,C,0.092,87,8,2.481301853,C,0.0556,126,7,2.144365775,C,0.0833,108,8,2.785368055,C,0.053,132,6,2.142631314,C,0.0574,122,7,2.145615003,,,,,,,,,,,,,,,,0.972222222,0.967741935,1,0.956521739,0.931174089,0.88,0.867768595,0.923076923,0.957446809,y,chr14:90433731-90433751,200(100)#
16,1574650,T,IFT140#TMEM204,MODERATE#MODIFIER,No,No,NA,NA,NA,NA,NA,NA,0.2,4.18,5.27,11.2175,P,0.72360472,IFT140#H1015P|TMEM204#,3,4,,,,,,,,,,,G,0.0625,80,5,1.533087915,G,0.093,86,7,2.482184124,G,0.0656,122,8,2.459670525,G,0.0845,142,11,3.717581829,G,0.1173,162,19,5.962812629,G,0.1519,79,12,3.808213752,,,,,,,,,,,,,,,,,,,,,,,,,,,,,,,,,,,,,,,,,,,,,,G,0.0988,81,8,2.488009749,1,0.865168539,0.829931973,0.767326733,0.784313725,0.891304348,0.743589744,0.868421053,0.808219178,y,chr16:1574640-1574660,200(100)#
16,55853481,G,CES1,MODERATE,No,No,NA,NA,NA,NA,NA,NA,0,3.81,3.81,11.2501,P,0.825894643,CES1#T290M|CES1#T290M|CES1#T291M,3,0,A,0.0694,72,4,1.536286138,,,,,,,,,,,,,,,,,,,,,,,,,,,,,,,,,,,,A,0.0577,607,35,10.75515409,,,,,,,,,,,,,,,,,,,,,,,,,,A,0.057,228,12,3.989784875,,,,,,,,,,,,,,,,0.930555556,1,1,1,0.942622951,0.983660131,0.951965066,0.943231441,1,y,chr16:55853471-55853491,200(100)#192(96)#173(86)#
19,8999468,C,MUC16,MODERATE,No,No,NA,NA,NA,NA,NA,NA,0.09,3.48,3.48,10.6437,P,0.778816071,MUC16#W13569C,3,3,,,,,,,,,,,,,,,,,,,,,,,,,,,,,,,,,,,,,,,,,G,0.0731,889,64,20.09425807,G,0.0705,454,32,9.878768545,G,0.1343,216,29,9.167216547,G,0.1252,639,80,25.228317,G,0.1351,385,52,16.45574587,G,0.1329,316,41,13.27702075,,,,,,,,,,,,,,,,,,,,,0.953125,1,1,0.936507937,0.924528302,0.865740741,0.864935065,0.966101695,0.966666667,y,chr19:8999458-8999478,200(100)#185(92)#175(87)#165(82)#157(78)#
19,29699033,T,UQCRFS1,MODERATE,No,No,NA,NA,NA,NA,NA,NA,0.75,-4.98,5.42,17.2071,B,0.28125,UQCRFS1#I83V,3,3,,,,,,,,,,,,,,,,,,,,,,,,,,,,,,,,,,,,,,,,,C,0.1122,205,23,7.207398219,C,0.0769,117,8,2.778611847,,,,,,C,0.0693,101,6,2.153867091,C,0.0926,108,10,3.104975463,,,,,,C,0.0647,139,8,2.76728335,C,0.1214,140,16,5.341807287,,,,,,,,,,,1,1,1,1,0.887804878,0.968586387,0.9,0.935714286,1,y,chr19:29699023-29699043,200(100)#131(65)#
19,35625544,G,LGI4#FXYD1,MODERATE#MODIFIER,No,No,NA,NA,NA,NA,NA,NA,0.26,-1.75,4.64,4.8758,B,0.179567857,LGI4#A14G|FXYD1#|FXYD1#,3,4,,,,,,,,,,,C,0.2727,33,8,2.982132281,C,0.2759,29,8,2.649907115,C,0.25,28,7,2.291970226,C,0.2619,42,10,3.646603157,C,0.2708,48,12,4.320590275,C,0.2941,34,9,3.345823458,,,,,,,,,,,,,,,,,,,,,,,,,,,,,,,,,,,,,,,,,,,,,,C,0.1515,33,4,1.575820986,0.9,0.557692308,0.710526316,0.655737705,1,0.916666667,0.904761905,0.833333333,0.740740741,y,chr19:35625534-35625554,200(100)#
19,55325455,G,KIR3DL1#KIR2DL4,MODERATE#MODIFIER#LOW,No,No,NA,NA,NA,NA,NA,NA,NA,NA,NA,NA,NA,NA,KIR2DL4#C341Y|KIR2DL4#L306|KIR3DL1#|KIR2DL4#,3,3,A,0.5094,53,26,10.08234747,A,0.6111,18,10,4.275978226,,,,,,,,,,,,,,,,,,,,,,,,,,,,,,,,,,,,,,,,,A,0.5366,82,44,16.73292218,A,0.6148,135,82,33.1439179,,,,,,,,,,,A,1,118,118,69.75810503,A,1,136,136,80.56441043,,,,,,,,,,,0.490566038,1,1,1,1,0.448275862,0.994535519,0,1,y,chr19:55325445-55325465,200(100)#200(100)#182(91)#182(91)#181(90)#181(90)#181(90)#181(90)#180(90)#178(89)#166(83)#94(47)#
19,56029983,A,SSC5D,MODERATE,No,No,NA,NA,NA,NA,NA,NA,0.03,0.505,3.01,3.4038,B,0.345225664,SSC5D#H1447P,3,3,,,,,,,,,,,C,0.0539,204,10,3.371427172,C,0.0895,190,17,5.280055829,,,,,,,,,,,C,0.0693,231,16,4.933748638,C,0.0719,153,11,3.392180537,,,,,,,,,,,,,,,,,,,,,,,,,,,,,,,,,,,,,,,,,C,0.0894,123,10,3.412794322,C,0.0983,173,17,5.296837639,0.666666667,0.876106195,0.852272727,0.876404494,0.814814815,1,0.952380952,0.914285714,0.837837838,y,chr19:56029973-56029993,200(100)#
20,468185,T,CSNK2A1,MODERATE,No,No,NA,NA,NA,NA,NA,NA,0.13,5.24,5.24,14.4547,B,0.60875,CSNK2A1#S151R|CSNK2A1#S287R|CSNK2A1#S287R,3,3,,,,,,,,,,,G,0.0943,53,4,1.547952759,,,,,,G,0.125,40,5,1.562709335,G,0.1351,74,9,3.151515294,G,0.1739,69,11,3.839261432,G,0.2264,53,11,3.91642572,,,,,,,,,,,,,,,,,,,,,,,,,,,,,,,,,,,,,,,,,,,,,,G,0.05,100,5,1.527360548,0.990990991,0.905660377,0.875,0.826086957,0.966887417,0.97826087,1,0.974358974,0.944444444,y,chr20:468175-468195,200(100)#133(66)#
X,107400382,T,COL4A6#ATG4A,MODIFIER#MODERATE,No,No,NA,NA,NA,NA,NA,NA,0,5.42,5.42,14.6738,P,0.975,ATG4A#|ATG4A#|COL4A6#T1641P|COL4A6#T1642P,3,2,,,,,,,,,,,,,,,,,,,,,,,,,,,,,,,,,,,,,,,,,G,0.1039,77,8,2.491281791,,,,,,G,0.0732,82,6,1.847283689,G,0.0656,122,8,2.459670525,,,,,,,,,,,G,0.0658,76,5,1.534602276,G,0.0795,88,6,2.161031337,,,,,,,,,,,0.866666667,0.76,1,0.857142857,0.829545455,0.886597938,0.913580247,0.870588235,0.914285714,y,chrX:107400372-107400392,200(100)#
1,240370952,C,FMN2,MODERATE,No,No,NA,NA,NA,NA,NA,NA,NA,3.31,4.22,7.9072,P,0.61638673,FMN2#P947L,2,2,,,,,,,,,,,T,0.0667,120,8,2.460547508,T,0.0708,113,8,2.463908928,,,,,,,,,,,,,,,,,,,,,,,,,,,,,,,,,,,,,,,,,T,0.1129,62,6,2.184867399,T,0.1538,52,7,2.534379244,,,,,,,,,,,,,,,,,,,,,0.853658537,0.911290323,1,1,1,1,0.846153846,1,1,y,chr1:240370942-240370962,200(100)#181(90)#180(90)#
2,191383490,G,TMEM194B,MODERATE,No,No,NA,NA,NA,NA,NA,NA,0,3.77,4.67,12.8372,D,0.906055843,TMEM194B#L164F,2,0,,,,,,,,,,,,,,,,,,,,,,,,,,,,,,,,,,,,,,,,,,,,,,,,,,,A,0.1515,33,4,1.575820986,,,,,,A,0.1351,37,4,1.567672208,,,,,,,,,,,,,,,,,,,,,,,,,,0.926829268,1,1,0.833333333,0.863636364,0.810810811,0.782608696,0.727272727,0.857142857,y,chr2:191383480-191383500,200(100)#
3,49897098,T,TRAIP#CAMKV,MODERATE#MODIFIER,No,No,NA,NA,NA,NA,NA,NA,0.17,5.97,5.97,9.8657,B,0.654923214,CAMKV#T387P|TRAIP#,2,1,,,,,,,,,,,,,,,,,,,,,,,,,,,,,,,,,,,,,,,,,G,0.0769,104,7,2.46951855,,,,,,G,0.0575,87,5,1.530782,,,,,,,,,,,G,0.0964,83,8,2.484987655,,,,,,,,,,,,,,,,,,,,,,0.902439024,1,0.944444444,0.84496124,0.87755102,0.95,0.943396226,0.882352941,y,chr3:49897088-49897108,200(100)#
3,50332888,T,HYAL3#HYAL1#NAT6#IFRD2,MODIFIER#MODERATE,No,No,NA,NA,NA,NA,NA,NA,0.81,-5.32,4.74,2.7499,B,0.072855357,HYAL1#|HYAL1#|NAT6#|NAT6#|NAT6#|HYAL1#|HYAL1#|HYAL1#|HYAL1#|HYAL3#|HYAL3#|HYAL3#H49P|HYAL3#H49P|HYAL3#H49P|IFRD2#,2,1,,,,,,,,,,,,,,,,,,,,,,,,,,,,,,,,,,,,,,,,,G,0.0581,155,9,2.761126263,,,,,,G,0.0625,112,7,2.149145549,G,0.0503,179,9,2.754265307,,,,,,,,,,,,,,,,,,,,,,,,,,,,,,,1,0.813953488,0.84,0.878787879,0.863636364,0.896,0.884955752,0.871794872,0.818181818,y,chr3:50332878-50332898,200(100)#69(34)#
3,113524266,G,ATP6V1A,MODERATE,No,No,NA,NA,NA,NA,NA,NA,0.14,5.96,5.96,20.422,P,0.7325,ATP6V1A#R552P,2,1,,,,,,,,,,,C,0.2571,35,8,2.964290162,,,,,,,,,,,,,,,,,,,,,,,,,,,,,,,,,,,,,,,,,,,,,,,,,,,,,,,,,,,,,,,,,,C,0.1452,62,9,2.844755083,C,0.2093,43,8,2.911403272,0.925925926,0.742857143,0.787878788,0.857142857,0.96,1,0.920634921,0.949152542,0.826086957,y,chr3:113524256-113524276,200(100)#
3,126138565,G,CCDC37,HIGH,No,No,NA,NA,NA,NA,NA,NA,0.22,3.62,4.59,9.4428,NA,0.617718913,CCDC37#E273*,2,0,,,,,,,,,,,,,,,,,,,,,,,,,,,,,,,,,,,,,,,,,T,0.063,128,8,2.457572963,,,,,,,,,,,,,,,,T,0.0505,99,4,1.527594638,,,,,,,,,,,,,,,,,,,,,,,,,,0.971830986,1,1,0.977272727,0.920289855,0.951923077,0.935779817,0.924050633,0.945945946,y,chr3:126138555-126138575,200(100)#
3,186917419,A,RTP1,MODERATE,No,No,NA,NA,NA,NA,NA,NA,0.21,4.53,5.7,9.1147,B,0.460196711,RTP1#Q118R,2,2,,,,,,,,,,,,,,,,,,,,,,,,,,G,0.0603,232,13,4.302160632,,,,,,,,,,,G,0.0561,107,6,1.837435593,,,,,,,,,,,,,,,,,,,,,G,0.0667,105,7,2.152032707,G,0.1081,74,7,2.494822879,,,,,,,,,,,,,,,,0.975609756,0.979452055,0.966887417,1,0.943925234,0.97979798,0.978417266,0.893333333,0.989247312,y,chr3:186917409-186917429,200(100)#193(96)#
3,195505727,C,MUC4,MODIFIER#MODERATE,No,No,NA,NA,NA,NA,NA,NA,NA,-4.31,2.31,5.6173,B,0.133745238,MUC4#|MUC4#|MUC4#A4242P,2,2,,,,,,G,0.0833,60,4,1.542754122,,,,,,,,,,,,,,,,,,,,,,,,,,,,,,,,,,,,,,,,,G,0.0581,155,9,2.761126263,,,,,,G,0.0588,153,8,2.761828396,G,0.08,100,8,2.47143036,,,,,,,,,,,,,,,,,,,,,0.977777778,1,1,1,0.966887417,0.941935484,0.941176471,0.983333333,1,y,chr3:195505717-195505737,200(100)#123(61)#123(61)#122(61)#122(61)#118(59)#105(52)#104(52)#103(51)#103(51)#103(51)#103(51)#101(50)#101(50)#97(48)#
4,175898988,G,ADAM29,MODERATE,No,No,NA,NA,NA,NA,NA,NA,NA,-0.164,0.945,6.4136,B,0.152704762,ADAM29#R771Q|ADAM29#R771Q|ADAM29#R771Q|ADAM29#R771Q,2,3,,,,,,,,,,,,,,,,A,0.0966,476,45,14.34344186,A,0.1376,327,44,14.25239401,A,0.1316,433,56,18.01778306,A,0.0923,520,47,14.94320945,A,0.0894,537,48,14.92683174,,,,,,,,,,,,,,,,,,,,,,,,,,,,,,,,,,,,,,,,,,,,,,,,,,,1,0.955375254,0.859756098,0.907692308,0.989333333,1,0.994413408,0.985074627,0.997304582,y,chr4:175898978-175898998,200(100)#
4,175898990,G,ADAM29,MODERATE,No,No,NA,NA,NA,NA,NA,NA,NA,-1.77,0.945,1.913,B,0.045547619,ADAM29#V772L|ADAM29#V772L|ADAM29#V772L|ADAM29#V772L,2,3,,,,,,,,,,,,,,,,T,0.0677,458,31,9.560036064,T,0.1019,314,31,9.994261957,T,0.0983,417,40,12.79236563,T,0.0602,498,29,9.226396377,T,0.0597,519,30,9.532406692,,,,,,,,,,,,,,,,,,,,,,,,,,,,,,,,,,,,,,,,,,,,,,,,,,,1,0.956431535,0.866666667,0.910679612,1,1,0.994350282,1,0.99719888,y,chr4:175898980-175899000,200(100)#63(31)#
5,131630568,G,SLC22A4,MODERATE,No,No,NA,NA,NA,NA,NA,NA,0.28,2.89,4.68,15.4673,B,0.494380342,SLC22A4#A87P,2,2,,,,,,,,,,,C,0.0741,81,6,1.847803418,,,,,,,,,,,,,,,,C,0.0845,71,5,1.853902986,C,0.0746,67,4,1.538696604,,,,,,,,,,,,,,,,,,,,,,,,,,,,,,,,,,,,,,,,,,,,,,C,0.0602,83,4,1.532051695,1,0.894117647,0.878787879,0.902777778,1,0.95,0.928571429,1,0.918367347,y,chr5:131630558-131630578,200(100)#194(97)#
6,32714058,T,HLA-DQA2,MODERATE,No,No,NA,NA,NA,NA,NA,NA,1,0.00722,3.06,1.295,B,0.023714869,HLA-DQA2#L219V,2,1,,,,,,,,,,,,,,,,,,,,,,,,,,,,,,,,,,,,,,,,,,,,,,,,,,,,,,,,,,,,,G,0.105,200,21,6.56207512,G,0.0805,174,14,4.332603089,,,,,,,,,,,G,0.0732,164,12,3.702940176,,,,,,0.925925926,0.98125,1,0.99,1,0.995594714,0.891089109,0.986394558,0.926829268,y,chr6:32714048-32714068,200(100)#200(100)#200(100)#200(100)#200(100)#199(99)#199(99)#199(99)#192(96)#186(93)#186(93)#185(92)#185(92)#185(92)#185(92)#
6,32726774,C,HLA-DQB2,MODERATE,No,No,NA,NA,NA,NA,NA,NA,0.23,2.56,3.43,8.9215,B,0.442151421,HLA-DQB2#A167T,2,4,T,0.1296,54,6,2.198932604,,,,,,,,,,,,,,,,,,,,,,,,,,,,,,,T,0.087,69,6,1.855363532,,,,,,,,,,,,,,,,T,0.0745,161,11,3.704696855,T,0.1377,167,22,7.276733193,T,0.0652,138,8,2.767715598,,,,,,,,,,,,,,,,T,0.1458,48,6,2.209194276,0.836363636,1,0.983870968,0.935064935,1,0.950310559,0.862275449,1,0.925373134,y,chr6:32726764-32726784,200(100)#200(100)#199(99)#199(99)#198(99)#198(99)#198(99)#198(99)#193(96)#193(96)#192(96)#190(95)#190(95)#190(95)#190(95)#
6,41533574,C,FOXP4,MODERATE,No,No,NA,NA,NA,NA,NA,NA,1,5.35,5.35,19.0777,B,0.5,FOXP4#Q26K|FOXP4#Q26K|FOXP4#Q26K,2,0,,,,,,,,,,,,,,,,,,,,,,,,,,,,,,,,,,,,,,,,,,,,,,,,,,,A,0.0773,207,16,4.947306058,,,,,,A,0.0529,170,8,2.75644111,,,,,,,,,,,,,,,,,,,,,,,,,,0.96969697,0.953488372,0.923076923,0.9375,0.977077364,0.894273128,0.908602151,1,0.981818182,y,chr6:41533564-41533584,200(100)#
7,28996904,T,TRIL,MODERATE,No,No,NA,NA,NA,NA,NA,NA,NA,NA,NA,NA,NA,NA,TRIL#H253R,2,2,C,0.5135,74,37,14.25768344,C,0.4146,41,16,6.028974778,,,,,,,,,,,,,,,,,,,,,,,,,,,,,,,,,,,,,,,,,,,,,,,,,,,C,0.7234,47,33,14.49781878,C,0.4878,41,19,7.363040954,,,,,,,,,,,,,,,,,,,,,0.486486486,1,1,1,1,1,0.276595745,1,1,y,chr7:28996894-28996914,200(100)#
7,76109831,C,DTX2,MODERATE,No,No,NA,NA,NA,NA,NA,NA,0.01,5.38,5.38,16.6307,D,0.9725,DTX2#A2V|DTX2#A2V|DTX2#A2V|DTX2#A2V,2,0,T,0.1765,51,9,2.876703827,,,,,,,,,,,,,,,,,,,,,,,,,,,,,,,,,,,,,,,,,,,,,,T,0.2143,42,9,2.916784138,,,,,,,,,,,,,,,,,,,,,,,,,,,,,,,,,,,,0.823529412,1,1,1,0.980769231,0.785714286,0.916666667,1,1,y,chr7:76109821-76109841,200(100)#189(94)#
7,77006706,A,PION,MODERATE,No,No,NA,NA,NA,NA,NA,NA,0,5.45,5.45,14.5053,D,0.975,PION#V193G,2,1,,,,,,,,,,,,,,,,,,,,,,,,,,,,,,,,,,,,,,,,,,,,,,,,,,,,,,,,,,,,,C,0.0633,79,5,1.53344376,C,0.0806,62,4,1.541498125,C,0.0633,79,5,1.53344376,,,,,,,,,,,,,,,,0.824561404,0.8,0.777777778,1,0.891304348,0.823529412,0.787878788,0.819148936,0.714285714,y,chr7:77006696-77006716,200(100)#
7,100680490,A,MUC17,MODERATE,No,No,NA,NA,NA,NA,NA,NA,0.23,-1.16,0.579,NA,B,0.128333333,MUC17#I1931M,2,2,,,,,,,,,,,,,,,,,,,,,,,,,,,,,,,,,,,,,,,,,,,,,,,,,,,G,0.0822,73,6,1.852571031,G,0.0503,378,19,5.820275904,G,0.1603,238,38,12.13945238,G,0.1121,232,26,8.151810883,,,,,,,,,,,,,,,,,,,,,0.995121951,1,1,1,0.990839695,0.906666667,0.832653061,0.994708995,1,y,chr7:100680480-100680500,200(100)#188(94)#182(91)#182(91)#
7,142459696,C,PRSS1,MODERATE,No,No,NA,NA,NA,NA,NA,NA,0.26,1.19,3.28,7.2544,B,0.312744077,PRSS1#A91V,2,1,,,,,,,,,,,,,,,,,,,,,,,,,,,,,,,,,,,,,,,,,,,,,,,,,,,T,0.0524,267,13,4.290356977,T,0.0514,584,30,9.19685711,,,,,,,,,,,T,0.0537,149,8,2.450102081,,,,,,,,,,,,,,,,0.958333333,0.991735537,1,0.994318182,1,0.948339483,0.996551724,0.946666667,0.9875,y,chr7:142459686-142459706,200(100)#185(92)#160(80)#159(79)#
7,149506147,G,SSPO,MODERATE,No,No,NA,NA,NA,NA,NA,NA,NA,NA,NA,NA,NA,NA,SSPO#G3047S,2,1,,,,,,,,,,,,,,,,,,,,,A,0.3438,64,22,7.571136592,A,0.4059,101,40,14.57100719,,,,,,,,,,,,,,,,,,,,,,,,,,,,,,,A,0.6316,19,12,4.730230291,,,,,,,,,,,,,,,,,,,,,,,,,,1,1,0.65625,1,1,1,0.35,1,1,y,chr7:149506137-149506157,200(100)#
8,22451403,A,PDLIM2,MODIFIER#MODERATE,No,No,NA,NA,NA,NA,NA,NA,0.26,-9.45,4.72,4.4817,B,0.172530357,PDLIM2#|PDLIM2#T597P|PDLIM2#,2,0,,,,,,,,,,,C,0.0588,85,4,1.53140162,,,,,,,,,,,,,,,,C,0.0575,87,5,1.530782,,,,,,,,,,,,,,,,,,,,,,,,,,,,,,,,,,,,,,,,,,,,,,,,,,,,,,,,0.9375,0.85046729,0.787234043,0.810810811,0.945945946,1,0.947368421,0.888888889,0.916666667,y,chr8:22451393-22451413,200(100)#
8,52733110,C,PCMTD1,MODERATE,No,No,NA,NA,NA,NA,NA,NA,0.77,5.97,5.97,20.4239,P,0.75375,PCMTD1#G292D,2,2,,,,,,,,,,,,,,,,,,,,,,,,,,,,,,,,,,,,,,,,,T,0.0544,496,26,8.285712163,,,,,,,,,,,T,0.0531,207,10,3.370529237,,,,,,T,0.0597,268,15,4.916604892,T,0.0586,239,14,4.299512619,,,,,,,,,,,,,,,,1,1,1,0.953846154,0.946,0.959459459,0.96713615,0.934156379,1,y,chr8:52733100-52733120,200(100)#189(94)#189(94)#187(93)#180(90)#
11,3845159,T,PGAP2#RHOG,MODIFIER#MODERATE,No,No,NA,NA,NA,NA,NA,NA,0.45,4.7,5.86,9.8952,P,0.570961945,RHOG#|PGAP2#|PGAP2#|PGAP2#|PGAP2#|PGAP2#|PGAP2#|PGAP2#|PGAP2#|PGAP2#V128G|PGAP2#V128G|PGAP2#V132G|PGAP2#V189G|PGAP2#V71G|PGAP2#V71G|PGAP2#V71G|PGAP2#V89G,2,1,,,,,,,,,,,,,,,,,,,,,G,0.0806,62,4,1.541498125,,,,,,G,0.0783,115,9,2.77986575,,,,,,,,,,,,,,,,,,,,,,,,,,,,,,,,,,,,,,,,,,,,,,,,,,,G,0.1014,69,6,2.176590985,1,0.904761905,0.837837838,0.863309353,0.967213115,0.934210526,0.977777778,0.947368421,0.880597015,y,chr11:3845149-3845169,200(100)#
11,75317010,T,MAP6,MODERATE,No,No,NA,NA,NA,NA,NA,NA,0.31,5.35,5.35,14.5136,P,0.71125,MAP6#T387P|MAP6#T387P,2,3,,,,,,,,,,,G,0.131,84,11,3.46310082,G,0.0806,62,4,1.541498125,G,0.0841,107,8,2.785368055,G,0.0597,134,7,2.454928035,,,,,,G,0.1084,83,8,2.808576933,,,,,,,,,,,,,,,,,,,,,,,,,,,,,,,,,,,,,,,,,,,,,,,,,,,1,0.702702703,0.787234043,0.754966887,0.882352941,0.827586207,0.897058824,0.875,0.863157895,y,chr11:75317000-75317020,200(100)#
11,117077005,C,LOC100652768#PCSK7#TAGLN,MODIFIER#MODERATE,No,No,NA,NA,NA,NA,NA,NA,0.08,3.92,4.83,12.0081,B,0.532328908,TAGLN#|TAGLN#|PCSK7#S689N|LOC100652768#,2,1,,,,,,,,,,,,,,,,,,,,,,,,,,,,,,,,,,,,,,,,,T,0.0748,147,10,3.395601128,,,,,,,,,,,,,,,,,,,,,T,0.125,64,8,2.509213076,T,0.0862,58,4,1.544104961,,,,,,,,,,,,,,,,1,0.992,1,0.989130435,0.925170068,0.980582524,0.96875,0.915254237,1,y,chr11:117076995-117077015,200(100)#192(96)#
11,117079626,G,PCSK7#TAGLN,MODIFIER#MODERATE,No,No,NA,NA,NA,NA,NA,NA,0,3.77,4.68,7.8865,D,0.817219246,TAGLN#|TAGLN#|PCSK7#R560G,2,0,,,,,,,,,,,C,0.0588,357,20,6.453161328,,,,,,,,,,,,,,,,,,,,,,,,,,,,,,,,,,,,C,0.2174,23,5,1.609983885,,,,,,,,,,,,,,,,,,,,,,,,,,,,,,,,,,,,1,0.918032787,0.990196078,1,1,0.75,0.971428571,1,1,y,chr11:117079616-117079636,200(100)#196(98)#
12,11183421,C,MIR1244-3#MIR1244-2#MIR1244-1#PRH1-PRR4#TAS2R31,MODIFIER#MODERATE,No,No,NA,NA,NA,NA,NA,NA,0.97,-5.24,2.62,1.1108,B,0.023585714,MIR1244-1#|MIR1244-2#|MIR1244-3#|PRH1-PRR4#|TAS2R31#V172M,2,4,,,,,,,,,,,,,,,,T,0.061,82,5,1.532377098,,,,,,T,0.0893,56,5,1.545566772,T,0.0806,62,4,1.541498125,T,0.0575,87,5,1.530782,,,,,,,,,,,,,,,,,,,,,,,,,,,,,,,T,0.0521,96,5,1.528312323,T,0.0696,115,8,2.462899028,,,,,,,,,,,0.986013986,0.950980392,0.936170213,0.919354839,0.979274611,1,0.988235294,0.947916667,1,y,chr12:11183411-11183431,200(100)#181(90)#180(90)#
12,11183427,T,MIR1244-3#MIR1244-2#MIR1244-1#PRH1-PRR4#TAS2R31,MODIFIER#MODERATE,No,No,NA,NA,NA,NA,NA,NA,0.1,-3.2,2.51,7.2785,B,0.242473214,MIR1244-1#|MIR1244-2#|MIR1244-3#|PRH1-PRR4#|TAS2R31#S170R,2,4,,,,,,,,,,,G,0.0515,97,4,1.528063195,G,0.0588,85,4,1.53140162,,,,,,,,,,,G,0.0806,62,4,1.541498125,G,0.0588,85,4,1.53140162,,,,,,,,,,,,,,,,,,,,,,,,,,G,0.0515,97,4,1.528063195,,,,,,G,0.0734,109,8,2.466024692,,,,,,,,,,,0.99270073,0.948453608,0.942307692,0.919354839,0.973684211,1,0.987654321,0.947916667,1,y,chr12:11183417-11183437,200(100)#180(90)#
12,11213994,C,MIR1244-3#MIR1244-2#MIR1244-1#PRH1-PRR4#TAS2R46,HIGH#MODIFIER,No,No,NA,NA,NA,NA,NA,NA,1,-3.09,2.54,5.0346,NA,0.119871429,MIR1244-1#|MIR1244-2#|MIR1244-3#|PRH1-PRR4#|TAS2R46#W300*,2,3,T,0.0769,78,5,1.849489167,T,0.0648,108,6,2.150752618,,,,,,,,,,,,,,,,,,,,,,,,,,,,,,,,,,,,,,,,,,,,,,,,,,,,,,,,T,0.0541,333,18,5.521015283,T,0.0557,287,15,4.909812512,T,0.0848,342,29,8.998958942,,,,,,,,,,,0.923076923,1,1,0.99378882,0.953150242,1,0.968609865,0.944827586,1,y,chr12:11213984-11214004,200(100)#180(90)#179(89)#179(89)#
12,11214080,G,MIR1244-3#MIR1244-2#MIR1244-1#PRH1-PRR4#TAS2R46,MODIFIER#MODERATE,No,No,NA,NA,NA,NA,NA,NA,0.04,2.54,2.54,10.8172,B,0.683164286,MIR1244-1#|MIR1244-2#|MIR1244-3#|PRH1-PRR4#|TAS2R46#P272S,2,3,A,0.0714,126,8,2.773503204,A,0.087,184,16,4.964370172,,,,,,,,,,,,,,,,,,,,,A,0.0667,75,5,1.535004021,,,,,,,,,,,,,,,,,,,,,A,0.0871,264,22,7.141126084,,,,,,,,,,,,,,,,A,0.0769,338,25,8.043817157,,,,,,,,,,,0.873134328,0.968085106,0.967213115,0.875,0.935158501,0.988764045,0.965346535,0.907749077,1,y,chr12:11214070-11214090,200(100)#191(95)#189(94)#180(90)#
12,25398284,C,KRAS,MODERATE,No,No,NA,NA,NA,NA,NA,NA,0.01,5.68,5.68,18.3719,D,0.9725,KRAS#G12V|KRAS#G12V,2,2,A,0.1757,74,13,4.163739197,A,0.223,139,30,10.14994834,,,,,,,,,,,,,,,,,,,,,,,,,,,,,,,,,,,,,,,,,A,0.1081,74,7,2.494822879,A,0.2973,37,11,3.689200516,,,,,,,,,,,,,,,,,,,,,,,,,,,,,,,0.824324324,1,1,1,0.990825688,0.891891892,1,1,0.996031746,y,chr12:25398274-25398294,200(100)#116(58)#
14,23889398,C,MIR208B#MYH7,MODERATE#MODIFIER,No,No,NA,NA,NA,NA,NA,NA,0.24,5.13,5.13,15.2121,P,0.72,MYH7#A1128T|MIR208B#,2,2,,,,,,,,,,,T,0.0588,85,4,1.53140162,T,0.1231,65,8,2.507560912,,,,,,,,,,,,,,,,,,,,,,,,,,,,,,,,,,,,,,,,,T,0.1901,121,23,7.425147245,T,0.1512,86,13,4.125988101,,,,,,,,,,,,,,,,,,,,,1,0.941176471,0.964912281,1,0.984732824,0.983050847,0.809917355,1,1,y,chr14:23889388-23889408,200(100)#200(100)#35(17)#
15,90172707,T,KIF7#C15orf42,MODIFIER#MODERATE,No,No,NA,NA,NA,NA,NA,NA,0.16,4.88,4.88,14.6385,D,0.83,C15orf42#|KIF7#E1139G,2,3,,,,,,,,,,,,,,,,,,,,,,,,,,,,,,,,,,,,,,,,,C,0.0561,196,10,3.373947204,,,,,,,,,,,C,0.0679,265,17,5.548213564,C,0.0634,142,9,2.766039862,C,0.0674,89,5,1.843935688,,,,,,C,0.0725,138,10,3.083646082,,,,,,,,,,,0.928571429,1,0.943181818,0.95035461,0.920560748,0.901960784,0.920529801,0.946236559,0.957446809,y,chr15:90172697-90172717,200(100)#
16,76389373,A,CNTNAP4,MODERATE#LOW,No,No,NA,NA,NA,NA,NA,NA,0,4.8,4.8,12.6038,D,0.950067857,CNTNAP4#N94D|CNTNAP4#G118,2,3,,,,,,,,,,,,,,,,,,,,,,,,,,,,,,,,,,,,,,,,,G,0.0563,213,11,3.681519275,G,0.0599,167,10,3.070908196,,,,,,G,0.0909,77,6,2.16905865,,,,,,G,0.0566,106,5,1.837734386,G,0.0609,115,7,2.148020465,,,,,,,,,,,,,,,,0.972972973,0.947368421,1,0.92,0.907949791,0.903508772,0.947368421,0.92,0.962264151,y,chr16:76389363-76389383,200(100)#121(60)#121(60)#121(60)#121(60)#
17,7577046,C,TP53,HIGH,No,No,NA,NA,NA,NA,NA,NA,0.35,-4.03,5.26,5.9489,NA,0.24997381,TP53#E166*|TP53#E166*|TP53#E166*|TP53#E259*|TP53#E298*|TP53#E298*|TP53#E298*|TP53#E298*,2,2,,,,,,,,,,,,,,,,,,,,,,,,,,,,,,,,,,,,,,,,,,,,,,,,,,,,,,,,,,,,,A,0.2667,105,28,9.331791192,A,0.1294,85,10,3.46118757,A,0.3544,79,27,9.696242532,A,0.4317,139,60,21.62468396,,,,,,,,,,,1,1,1,1,1,1,0.735849057,0.65,1,y,chr17:7577036-7577056,200(100)#
18,61234231,T,SERPINB12,MODERATE,No,No,NA,NA,NA,NA,NA,NA,0,6.01,6.01,12.7045,D,0.951866071,SERPINB12#V402G,2,1,G,0.0847,59,4,1.543421427,,,,,,,,,,,,,,,,,,,,,,,,,,,,,,,,,,,,G,0.12,75,9,2.819816758,,,,,,,,,,,,,,,,,,,,,,,,,,,,,,,G,0.1875,32,6,1.917681478,,,,,,,,,,,0.780487805,0.846153846,1,1,0.802197802,0.786666667,0.870967742,0.745454545,0.896551724,y,chr18:61234221-61234241,200(100)#
19,536271,A,CDC34,MODERATE,No,No,NA,NA,NA,NA,NA,NA,0,5.29,5.29,14.4849,D,0.975,CDC34#H98P,2,2,,,,,,,,,,,C,0.0943,53,4,1.547952759,,,,,,C,0.1304,46,5,1.88153686,C,0.0714,84,5,1.846276576,,,,,,C,0.1493,67,10,3.167420839,,,,,,,,,,,,,,,,,,,,,,,,,,,,,,,,,,,,,,,,,,,,,,,,,,,1,0.736111111,0.656716418,0.715517241,0.933333333,0.888888889,1,0.9,0.784313725,y,chr19:536261-536281,200(100)#
19,8999514,C,MUC16,MODERATE,No,No,NA,NA,NA,NA,NA,NA,0.34,-6.88,3.48,10.6489,B,0.397658929,MUC16#R13554H,2,0,T,0.0676,74,5,1.535421039,,,,,,,,,,,,,,,,,,,,,,,,,,,,,,,,,,,,,,,,,,,,,,,,,,,,,,,,,,,,,,,,,,T,0.0625,112,7,2.149145549,,,,,,,,,,,,,,,,0.932432432,0.971428571,0.962962963,0.983606557,0.976190476,1,0.971590909,0.938053097,1,y,chr19:8999504-8999524,200(100)#148(74)#146(73)#145(72)#
19,36336428,G,NPHS1,MODERATE,No,No,NA,NA,NA,NA,NA,NA,0.66,3.52,4.56,8.6798,B,0.390478885,NPHS1#A591G,2,3,,,,,,,,,,,C,0.1111,63,6,2.18356646,,,,,,,,,,,C,0.087,68,5,1.856111242,C,0.0959,73,7,2.173562357,C,0.186,43,7,2.563376259,,,,,,,,,,,,,,,,,,,,,,,,,,,,,,,,,,,,,,,,,,,,,,C,0.1538,52,7,2.534379244,1,0.819444444,0.66,0.777777778,0.8125,0.857142857,0.75,1,0.64516129,y,chr19:36336418-36336438,200(100)#
19,36336431,A,NPHS1,MODERATE,No,No,NA,NA,NA,NA,NA,NA,0,3.46,4.56,7.7457,P,0.703009054,NPHS1#V590G,2,1,,,,,,,,,,,,,,,,,,,,,C,0.1795,39,7,2.234935259,,,,,,,,,,,C,0.125,40,5,1.562709335,,,,,,,,,,,,,,,,,,,,,,,,,,,,,,,,,,,,,,,,,C,0.2174,23,5,1.609983885,,,,,,1,0.802816901,0.634615385,0.755813953,0.6875,0.857142857,0.75,1,0.580645161,y,chr19:36336421-36336441,200(100)#
19,41785054,T,HNRNPUL1,MODERATE,No,No,NA,NA,NA,NA,NA,NA,0.03,6.04,6.04,15.5711,D,0.9675,HNRNPUL1#S187A|HNRNPUL1#S287A,2,4,G,0.119,42,4,1.559799585,G,0.1395,43,5,1.887160489,,,,,,,,,,,,,,,,,,,,,,,,,,,,,,,,,,,,G,0.0794,126,10,3.090909536,G,0.094,117,10,3.418243708,G,0.0845,71,5,1.853902986,,,,,,G,0.087,92,8,2.477151656,,,,,,,,,,,,,,,,,,,,,0.847826087,0.909090909,0.952380952,0.954545455,0.937062937,0.886178862,0.960526316,0.911392405,1,y,chr19:41785044-41785064,200(100)#
19,48043115,G,ZNF541,HIGH,No,No,NA,NA,NA,NA,NA,NA,NA,3.75,4.79,8.6935,NA,0.701922644,ZNF541#C881*,2,2,,,,,,,,,,,,,,,,,,,,,,,,,,,,,,,,,,,,,,,,,T,0.1032,125,12,4.057297631,,,,,,,,,,,T,0.0632,95,6,1.841486737,,,,,,T,0.0521,96,5,1.528312323,T,0.08,100,8,2.47143036,,,,,,,,,,,,,,,,0.896551724,0.897435897,1,0.967741935,0.858108108,0.922222222,0.941747573,0.895652174,0.979591837,y,chr19:48043105-48043125,200(100)#
19,48954448,A,KCNJ14#SNAR-A14#GRWD1#SNAR-A11#SNAR-A10#SNAR-A9#SNAR-A8#SNAR-A3#SNAR-A7#SNAR-A6#SNAR-A5#SNAR-A4,MODIFIER#MODERATE,No,No,NA,NA,NA,NA,NA,NA,0.01,4.04,4.04,12.3968,D,0.943871429,SNAR-A10#|SNAR-A11#|SNAR-A14#|SNAR-A3#|SNAR-A4#|SNAR-A5#|SNAR-A6#|SNAR-A7#|SNAR-A8#|SNAR-A9#|GRWD1#D328G|KCNJ14#,2,0,,,,,,,,,,,,,,,,,,,,,G,0.1029,68,6,2.177661899,,,,,,G,0.0833,72,5,1.853221011,,,,,,,,,,,,,,,,,,,,,,,,,,,,,,,,,,,,,,,,,,,,,,,,,,,,,,,,1,0.859649123,0.861111111,0.905405405,0.97752809,0.906976744,0.976190476,0.94,0.884615385,y,chr19:48954438-48954458,200(100)#
19,50435928,T,MIR4751#NUP62#SNAR-A14#SNAR-A11#SNAR-A10#ATF5#SNAR-A9#SNAR-A8#SNAR-A3#IL4I1#SNAR-A7#SNAR-A6#SNAR-A5#SNAR-A4,MODIFIER#MODERATE,No,No,NA,NA,NA,NA,NA,NA,0.28,-0.808,3.87,0.8661,B,0.105466071,SNAR-A10#|SNAR-A11#|SNAR-A14#|SNAR-A3#|SNAR-A4#|SNAR-A5#|SNAR-A6#|SNAR-A7#|SNAR-A8#|SNAR-A9#|ATF5#L143P|ATF5#L143P|NUP62#|NUP62#|NUP62#|NUP62#|NUP62#|IL4I1#|MIR4751#,2,3,,,,,,,,,,,C,0.2162,37,7,2.591471732,C,0.0862,58,4,1.544104961,,,,,,C,0.1081,74,7,2.494822879,C,0.0625,112,7,2.149145549,,,,,,,,,,,,,,,,,,,,,,,,,,,,,,,,,,,,,,,,,,,,,,,,,,,C,0.0577,104,6,1.838362519,1,0.673913043,0.824324324,0.86259542,0.947368421,0.928571429,1,0.9375,0.86440678,y,chr19:50435918-50435938,200(100)#
19,55241172,A,KIR3DL3,MODERATE,No,No,NA,NA,NA,NA,NA,NA,1,-2.73,1.37,9.9337,B,0.1773875,KIR3DL3#N290T,2,2,,,,,,,,,,,,,,,,,,,,,,,,,,,,,,,,,,,,,,,,,,,,,,,,,,,,,,,,,,,,,C,0.6579,114,75,30.76996002,C,0.596,99,59,23.25566789,,,,,,,,,,,C,0.4348,23,10,3.551819479,C,0.4773,44,21,7.694240328,1,1,1,1,0.996428571,1,0.347826087,1,0.565217391,y,chr19:55241162-55241182,200(100)#200(100)#
19,58862796,A,ZNF497#A1BG-AS1#A1BG,MODIFIER#MODERATE,No,No,NA,NA,NA,NA,NA,NA,0,3.42,3.42,8.5558,D,0.877782143,ZNF497#|ZNF497#|A1BG#S291A|A1BG-AS1#,2,0,,,,,,,,,,,,,,,,,,,,,,,,,,,,,,,,,,,,,,,,,C,0.0625,112,7,2.149145549,,,,,,C,0.0805,87,7,2.161673636,,,,,,,,,,,,,,,,,,,,,,,,,,,,,,,,,,,,1,0.951612903,0.931972789,0.975510204,0.911111111,0.904761905,0.918181818,0.944954128,0.986486486,y,chr19:58862786-58862806,200(100)#
21,11058322,C,BAGE4#BAGE5#BAGE#BAGE2#BAGE3,MODERATE#MODIFIER,No,No,NA,NA,NA,NA,NA,NA,NA,NA,NA,NA,NA,NA,BAGE2#D40N|BAGE3#D40N|BAGE4#|BAGE5#|BAGE#,2,2,,,,,,,,,,,T,0.0784,102,7,2.470133517,,,,,,,,,,,,,,,,,,,,,,,,,,T,0.0724,359,25,8.030644669,T,0.0664,256,16,5.236729279,,,,,,,,,,,,,,,,,,,,,,,,,,,,,,,,,,,,T,0.0522,268,13,4.290653705,,0.921568627,0.978723404,1,0.927777778,0.967032967,0.99378882,0.956756757,0.99127907,y,chr21:11058312-11058332,200(100)#197(98)#
21,33074187,G,SCAF4,MODERATE,No,No,NA,NA,NA,NA,NA,NA,0.86,5.97,5.97,15.1754,B,0.5175,SCAF4#Q153K|SCAF4#Q168K|SCAF4#Q168K,2,1,,,,,,,,,,,,,,,,,,,,,,,,,,,,,,,,,,,,,,,,,,,,,,T,0.0513,117,6,1.834696308,T,0.0516,252,13,3.982299029,,,,,,T,0.0588,102,5,1.839321426,,,,,,,,,,,,,,,,,,,,,,,,,,0.941176471,1,0.933333333,1,0.951923077,0.949612403,0.91509434,0.933333333,1,y,chr21:33074177-33074197,200(100)#
22,21355641,T,THAP7-AS1#LZTR1#THAP7,MODIFIER#MODERATE,No,No,NA,NA,NA,NA,NA,NA,0.22,5.18,5.18,13.021,B,0.580017857,LZTR1#|THAP7#D47G|THAP7#D47G|THAP7-AS1#|THAP7-AS1#,2,0,,,,,,,,,,,,,,,,,,,,,C,0.0753,146,10,3.396206296,,,,,,,,,,,,,,,,,,,,,,,,,,,,,,,,,,,,,,,,,,,,,,,,,,,,,,,,C,0.0533,150,7,2.449820584,,,,,,1,0.957142857,0.90797546,0.960493827,0.98089172,1,0.972222222,0.988636364,0.93373494,y,chr22:21355631-21355651,200(100)#
X,31854856,T,DMD,MODERATE#MODIFIER,No,No,NA,NA,NA,NA,NA,NA,NA,5.64,5.64,13.4217,NA,0.979346429,DMD#K1049N|DMD#K1052N|DMD#K2270N|DMD#K2270N|DMD#K2385N|DMD#K2389N|DMD#K2393N|DMD#|DMD#|DMD#|DMD#|DMD#,2,1,,,,,,,,,,,,,,,,,,,,,,,,,,,,,,,,,,,,,,,,,G,0.0526,95,4,1.528561593,,,,,,,,,,,,,,,,,,,,,,,,,,G,0.06,100,6,1.839681562,G,0.0568,88,4,1.530472521,,,,,,,,,,,0.846153846,0.966666667,1,1,0.836065574,0.911764706,0.875,0.886956522,0.969387755,y,chrX:31854846-31854866,200(100)#
