CHRM,POS
1,43166630,200(100)#185(92)#180(90)#179(89)#172(86)#170(85)#73(36)#
1,156513841,200(100)#
1,220809274,200(100)#
3,49897098,200(100)#
3,195508523,200(100)#196(98)#192(96)#191(95)#189(94)#189(94)#188(94)#188(94)#188(94)#187(93)#187(93)#182(91)#180(90)#162(81)#32(16)#31(15)#
3,195508903,200(100)#199(99)#197(98)#197(98)#196(98)#196(98)#195(97)#193(96)#192(96)#192(96)#191(95)#190(95)#190(95)#189(94)#188(94)#187(93)#
3,195508982,200(100)#196(98)#196(98)#194(97)#193(96)#192(96)#192(96)#191(95)#191(95)#190(95)#190(95)#190(95)#188(94)#185(92)#153(76)#52(26)#
3,195511526,200(100)#197(98)#197(98)#196(98)#196(98)#195(97)#195(97)#195(97)#194(97)#192(96)#192(96)#192(96)#188(94)#186(93)#186(93)#182(91)#
7,33044951,200(100)#193(96)#
7,151945225,200(100)#198(99)#
7,151962265,200(100)#197(98)#
8,120977570,200(100)#
12,25398284,200(100)#116(58)#
14,70924613,200(100)#190(95)#
15,78290654,200(100)#197(98)#
15,91436551,200(100)#
20,468185,200(100)#133(66)#
22,45574145,200(100)#127(63)#126(63)#126(63)#
1,12887174,200(100)#199(99)#199(99)#199(99)#198(99)#198(99)#197(98)#190(95)#181(90)#181(90)#160(80)#117(58)#50(25)#50(25)#48(24)#
1,145115883,200(100)#
1,148644408,200(100)#199(99)#199(99)#199(99)#199(99)#199(99)#197(98)#186(93)#185(92)#185(92)#185(92)#184(92)#184(92)#184(92)#182(91)#182(91)#182(91)#182(91)#182(91)#182(91)#182(91)#182(91)#182(91)#182(91)#181(90)#181(90)#181(90)#181(90)#180(90)#179(89)#179(89)#178(89)#176(88)#176(88)#175(87)#172(86)#170(85)#164(82)#164(82)#164(82)#163(81)#163(81)#161(80)#161(80)#158(79)#157(78)#133(66)#128(64)#64(32)#56(28)#
2,37152342,200(100)#192(96)#192(96)#191(95)#102(51)#100(50)#
2,97911756,200(100)#200(100)#195(97)#190(95)#188(94)#76(38)#75(37)#68(34)#66(33)#57(28)#55(27)#41(20)#
2,98127653,200(100)#200(100)#195(97)#190(95)#188(94)#76(38)#75(37)#69(34)#66(33)#57(28)#55(27)#41(20)#
2,114257296,200(100)#198(99)#197(98)#197(98)#197(98)#193(96)#192(96)#129(64)#129(64)#127(63)#97(48)#59(29)#50(25)#
3,49723296,200(100)#197(98)#196(98)#
4,190874255,200(100)#196(98)#196(98)#196(98)#195(97)#194(97)#193(96)#
5,131630568,200(100)#194(97)#
6,31977528,200(100)#200(100)#200(100)#198(99)#198(99)#196(98)#196(98)#196(98)#195(97)#195(97)#
7,76109831,200(100)#189(94)#
8,22974315,200(100)#
9,43685357,200(100)#198(99)#198(99)#198(99)#196(98)#196(98)#
9,43894176,200(100)#200(100)#199(99)#198(99)#86(43)#
10,48235892,200(100)#199(99)#199(99)#198(99)#198(99)#198(99)#198(99)#196(98)#196(98)#196(98)#194(97)#183(91)#
10,51225281,200(100)#199(99)#199(99)#198(99)#198(99)#198(99)#197(98)#197(98)#197(98)#196(98)#196(98)#190(95)#174(87)#
11,117079626,200(100)#196(98)#
12,53298675,200(100)#191(95)#187(93)#186(93)#184(92)#184(92)#181(90)#181(90)#180(90)#180(90)#176(88)#174(87)#172(86)#170(85)#167(83)#161(80)#158(79)#156(78)#154(77)#150(75)#134(67)#130(65)#111(55)#83(41)#75(37)#46(23)#
15,22082652,200(100)#200(100)#189(94)#189(94)#189(94)#189(94)#186(93)#186(93)#186(93)#182(91)#180(90)#180(90)#174(87)#150(75)#132(66)#126(63)#
15,102029597,200(100)#
16,76389373,200(100)#121(60)#121(60)#121(60)#121(60)#
17,20353421,200(100)#200(100)#197(98)#
18,61234231,200(100)#
19,35625544,200(100)#
21,11097574,200(100)#131(65)#131(65)#130(65)#130(65)#130(65)#129(64)#57(28)#55(27)#49(24)#48(24)#45(22)#45(22)#45(22)#45(22)#44(22)#44(22)#44(22)#43(21)#43(21)#43(21)#43(21)#43(21)#43(21)#42(21)#40(20)#
X,107400382,200(100)#
Y,1487953,200(100)#200(100)#
7,28996904,200(100)#
17,7577046,200(100)#
1,234556462,200(100)#
12,121206820,200(100)#44(22)#
7,100680490,200(100)#188(94)#182(91)#182(91)#
12,11213994,200(100)#180(90)#179(89)#179(89)#
19,41785054,200(100)#
19,48954448,200(100)#
