chr,position,DP_PRIM,PVAL_PRIM,DP_MET,PVAL_MET,ALT_ALLELE,VAR_FREQ_PRIM,VAR_FREQ_MET,EFFECT_IMPACT
17,26699139,127,2.14406310501,131,2.45603123431,G,5.51,6.11,2
4,39271634,0,0,54,2.86658884409,C,0,16.67,2
7,27285803,70,2.17554872996,0,0,C,10,0,2
14,65208265,53,9.14929251463,41,4.02072940765,T,47.17,29.27,0
14,105180872,0,0,65,10.9385852217,A,0,46.15,2
11,48346547,100,4.09418793505,91,3.78059886964,T,13,13.19,2
11,48346541,101,4.42425809017,91,3.45069014108,T,13.86,12.09,2
4,87720279,0,0,20,1.62778784835,T,0,25,3
17,26874803,121,18.714442691,165,32.5200074379,A,42.98,52.12,2
8,17731956,0,0,74,3.82260780792,G,0,16.22,2
14,74179765,74,2.49482287912,89,3.12634232581,C,10.81,11.24,0
5,90049521,0,0,47,2.89241696881,T,0,19.15,0
6,74189551,107,15.2549564537,158,20.2602299344,G,40.19,36.71,2
12,18650671,0,0,37,1.9013908807,T,0,16.22,2
19,54502962,0,0,69,8.27903076926,G,0,34.78,0
19,36303355,0,0,77,1.53420090133,C,0,6.49,2
8,145095687,0,0,58,2.19054803069,C,0,12.07,2
1,86308060,0,0,32,6.38707846198,G,0,53.12,2
11,1018314,125,3.09226089209,110,3.74989729494,A,8,10.91,2
4,76813080,39,6.53259910305,41,2.92245041955,T,46.15,21.95,2
19,15131273,146,4.03550466044,143,3.39804859587,C,8.9,7.69,2
17,44109607,69,1.53769186543,0,0,G,7.25,0,0
8,144999427,0,0,77,1.53420090133,C,0,6.49,2
1,158225050,67,12.2333864125,65,8.35949868731,A,49.25,36.92,2
1,118499796,0,0,22,1.61532407664,G,0,22.73,0
2,219679475,106,21.7197631904,109,35.3003270079,T,53.77,74.31,2
19,54760166,0,0,21,1.62122066894,T,0,23.81,0
2,103324937,42,5.17638233388,27,2.67086664279,C,35.71,29.63,0
19,49657503,285,8.73158585542,353,7.7175365004,T,9.82,7.08,0
11,108381898,59,5.70199888859,58,4.24147415053,T,28.81,22.41,2
19,49657509,285,9.38059358911,365,11.2323544368,T,10.53,9.86,0
11,618966,40,1.56270933534,0,0,G,12.5,0,0
15,50784955,0,0,66,2.50597070131,A,0,12.12,2
19,2248286,59,1.54342142718,59,1.54342142718,G,8.47,8.47,0
15,50784950,50,2.20482933024,69,5.24304456315,T,14,23.19,2
8,145746011,0,0,125,7.06235173891,C,0,17.6,0
2,97526565,0,0,98,1.84037265934,G,0,6.12,0
8,1951187,0,0,33,2.61666944795,A,0,24.24,2
19,10449465,29,7.11414143576,46,10.5229656129,A,62.07,58.7,2
15,37385931,0,0,36,4.48692896574,A,0,36.11,2
9,138657003,0,0,64,5.2811911751,A,0,25,2
1,223284915,66,10.9002848376,96,13.0156212273,T,45.45,38.54,2
1,151149487,0,0,17,2.03611305153,G,0,35.29,2
11,607680,56,8.16458213692,32,5.45021228171,A,41.07,46.88,0
12,99093226,43,6.39934287171,46,7.61518081605,C,41.86,45.65,0
4,1066917,62,10.6045512877,56,7.32684080455,A,46.77,37.5,2
11,55579598,0,0,333,19.6775946189,A,0,18.32,2
22,26937214,0,0,32,1.91768147789,C,0,18.75,2
11,551708,151,18.7761926624,122,10.2810584268,T,35.76,25.41,0
16,23160057,74,17.2989330808,67,32.0297321781,T,59.46,92.54,2
8,42259392,52,3.9230320478,36,9.80288491891,A,23.08,66.67,2
20,32664866,0,0,18,2.02087064385,A,0,33.33,2
12,55027012,138,2.14105396411,70,4.52743368753,T,5.07,20,2
5,141041639,39,4.83164985981,32,4.577689275,T,35.9,40.62,2
17,8046147,94,17.0575901003,115,4.72720723933,T,48.94,13.04,2
19,40149297,53,30.7974299539,50,29.0038518513,A,100,100,2
2,113671405,32,1.5781987114,0,0,C,15.62,0,0
12,89917573,96,1.52831232251,77,6.26935497662,A,5.21,24.68,0
12,11214368,55,1.54633008493,76,1.53460227571,C,9.09,6.58,0
5,121518270,0,0,43,3.62871042694,A,0,25.58,2
8,22481790,0,0,144,2.45159829648,C,0,5.56,0
1,26671719,62,3.5220832677,45,1.55597082647,T,17.74,11.11,2
1,27320410,116,2.14766032078,0,0,C,6.03,0,2
12,11174302,0,0,105,2.15203270704,G,0,6.67,0
2,242179129,58,1.86515379108,0,0,C,10.34,0,2
21,36042369,69,10.3587837664,54,7.37364936574,A,42.03,38.89,2
6,148808837,0,0,78,2.16823257521,A,0,8.97,2
1,47280830,159,28.0681659715,133,44.6213114553,G,47.8,75.94,2
20,3146664,87,1.53078199958,90,2.15978722781,C,5.75,7.78,2
5,140038538,16,2.91236053169,15,4.00021720155,C,50,66.67,2
19,16980668,81,12.1530940996,97,11.3635722872,T,41.98,34.02,2
10,27702779,0,0,42,2.22502343633,C,0,16.67,2
11,58893246,0,0,74,6.66522466832,A,0,27.03,2
9,33797898,187,5.28277899969,152,3.3927273115,T,9.09,7.24,2
12,105424154,0,0,40,3.28833615397,A,0,25,0
1,155148045,39,1.8961278916,0,0,C,15.38,0,0
8,11831466,110,1.83654044823,183,12.017728767,C,5.45,20.22,2
22,51048663,80,2.16664248799,0,0,C,8.75,0,2
16,27375029,136,23.0757362247,86,21.1374810308,C,46.32,61.63,2
3,195013094,75,8.57058689271,88,8.76914252311,C,33.33,29.55,2
17,28320335,16,2.05369514501,16,2.46867439042,A,37.5,43.75,3
10,13699338,150,2.76290888773,106,2.78611052917,G,6,8.49,2
2,25384113,79,19.5804407468,63,14.465834231,C,62.03,58.73,0
22,51065734,134,28.4595954376,138,17.4193829012,T,55.22,36.23,2
17,45412629,45,3.25363050559,73,10.245536989,T,22.22,39.73,0
1,151140742,217,37.5416039126,293,41.9893608833,T,47,40.27,0
12,96691059,20,4.13874644803,36,4.52895778648,T,55,36.11,2
2,208994274,20,6.41405448499,16,5.09363801769,T,75,75,0
1,244541827,80,11.3264814608,141,21.5590122485,C,40,42.55,2
6,32164118,0,0,331,13.9101301985,T,0,13.29,2
2,163236450,0,0,101,9.75075271078,T,0,28.71,2
12,109535518,88,1.53047252081,0,0,C,5.68,0,2
17,63534353,73,15.2991146439,83,15.2312213492,C,54.79,49.4,2
11,1017336,325,10.6304131093,275,13.0419285007,C,10.46,14.91,2
3,195452783,52,9.19149194431,48,3.59140392354,T,48.08,22.92,2
5,82834511,0,0,80,4.48456331886,A,0,17.5,0
9,130488631,27,4.74232142513,29,7.67481284988,C,48.15,65.52,2
6,90562912,63,9.24663912386,76,13.2233351298,T,41.27,47.37,2
1,182443111,0,0,53,1.87101947603,T,0,11.32,2
17,43013493,0,0,36,4.08899162236,A,0,33.33,2
X,63410265,0,0,29,1.93047989916,A,0,20.69,2
10,124754188,0,0,58,4.60110559292,T,0,24.14,0
6,31749362,198,3.0608702895,217,22.7963145291,T,5.05,30.88,2
19,58437754,65,4.20222711538,52,2.87318698996,A,20,17.31,2
14,55605046,39,2.5810361693,33,1.57582098642,C,20.51,15.15,0
16,71894244,0,0,175,16.075606985,T,0,27.43,0
15,55710665,104,2.78765256201,107,1.83743559348,A,8.65,5.61,3
5,151784592,41,9.8654722822,50,8.36200022406,A,60.98,46,2
4,123188080,33,5.41288421285,30,8.14463229838,T,45.45,66.67,2
2,179611834,0,0,30,4.20894828275,T,0,40,0
16,81204576,67,13.1877151546,53,11.0591549303,T,52.24,54.72,2
17,47246956,8,2.45636646742,0,0,T,75,0,0
19,50333366,0,0,87,1.53078199958,C,0,5.75,0
19,42795827,136,5.34883833046,98,4.43116490282,C,12.5,14.14,2
3,165504085,0,0,62,3.8675802019,A,0,19.35,2
18,60985739,0,0,89,2.80153536463,G,0,10.11,2
19,36211499,35,2.25107584764,43,1.88716048915,C,18.92,13.95,0
16,12450047,0,0,38,6.57186520597,C,0,47.37,2
1,173502803,0,0,55,4.26177455186,A,0,23.64,2
17,41165802,36,5.31706109833,28,3.04015280879,A,41.67,32.14,0
8,101270930,0,0,107,5.41691463365,A,0,15.89,3
19,41858769,23,1.60998388539,0,0,G,21.74,0,0
18,657785,25,4.36819109011,54,6.55531516968,T,48,35.19,0
14,50195693,0,0,20,2.381115515,T,0,35,2
1,160518093,0,0,84,9.21147811278,T,0,32.14,2
22,19435247,83,3.46504787904,113,3.10059539414,C,13.25,8.85,0
11,46772939,0,0,50,2.20482933024,G,0,14,2
7,150174336,40,1.89370708782,0,0,G,15,0,2
10,102891690,0,0,79,1.53344376033,G,0,6.33,2
19,38384994,0,0,47,5.09224477976,T,0,31.91,2
8,94746196,11,3.28735029837,0,0,A,72.73,0,2
21,11098728,701,16.7166083027,0,0,T,7.7,0,0
1,151259113,33,2.98213228104,45,2.21653951277,A,27.27,15.56,2
2,21232860,0,0,98,6.13871656079,A,0,19.39,2
1,147096112,46,7.61518081605,58,6.09670377211,A,45.65,31.03,0
19,3543380,0,0,9,2.94646060355,G,0,77.78,3
20,5547384,0,0,17,2.44187968486,T,0,41.18,2
7,44579029,23,1.60998388539,0,0,G,21.74,0,2
12,133810935,38,7.51137878687,26,4.3297912677,T,52.63,46.15,2
11,3845156,77,1.53420090133,0,0,G,6.49,0,0
7,116862915,0,0,59,7.67100914455,G,0,37.29,0
4,91234118,14,3.01494195669,20,5.77723152065,T,57.14,70,2
11,1028379,36,9.22663782077,51,7.0302766489,T,63.89,39.22,2
1,15813844,89,17.8558307,82,30.1860522509,T,52.81,80.49,0
4,177071027,0,0,265,15.4663931523,T,0,18.11,2
9,125273556,0,0,534,60.9205293208,T,0,33.15,2
5,176707619,85,11.617532678,74,15.738071327,G,38.82,55.41,2
19,7692672,71,4.1753730958,100,7.54437867597,G,18.31,23,0
19,8666020,0,0,72,5.94550185336,C,0,25,2
2,149227347,0,0,58,4.60110559292,T,0,24.14,2
15,69714068,194,29.0131521589,229,54.2337879861,G,41.75,59.83,2
19,43967807,31,1.58075489584,0,0,T,16.13,0,2
1,120384066,14,3.01494195669,9,1.83250543836,T,57.14,55.56,2
14,101195335,33,9.57580463343,44,5.95101469743,G,69.7,38.64,2
3,178936091,0,0,65,12.8130154278,A,0,52.31,2
6,130535533,26,3.89309550106,28,3.84097450878,A,42.31,39.29,2
1,158725270,0,0,446,19.3194922536,C,0,13.68,2
19,44302673,56,4.61690307005,48,4.69559565032,C,25,29.17,2
16,4833960,24,5.92226882035,25,9.72609633358,T,62.5,84,0
15,81212565,101,21.5388918233,93,9.46981311303,A,55.45,30.11,2
1,26671690,62,5.66909944033,44,2.90629821519,G,27.42,20.45,2
11,125769877,0,0,53,6.98275791545,A,0,37.74,0
1,33235543,60,10.6892642159,51,23.0195920817,T,48.33,90.2,0
9,34726227,0,0,22,1.61532407664,T,0,22.73,2
15,27018841,27,4.74232142513,47,3.5981343928,A,48.15,23.4,0
12,113874611,48,14.3449768799,41,8.8169010599,T,70.83,56.1,3
6,166578098,0,0,77,7.00749066493,A,0,27.27,2
15,40573716,34,19.4541240953,15,8.1906625394,G,100,100,0
9,100112770,29,3.81829929558,34,10.7029182623,T,37.93,73.53,0
9,95237027,42,4.38958472881,63,3.51841406363,C,30.95,17.46,0
9,103213210,0,0,58,10.7821477197,T,0,50,0
1,220161969,13,1.70852014776,0,0,C,38.46,0,0
15,72175947,0,0,39,2.93479387195,A,0,23.08,3
1,204218334,0,0,231,5.25011688371,C,0,7.36,2
18,56191247,41,6.90612324461,38,6.12322232671,A,46.34,44.74,2
10,38344353,0,0,89,7.63277457331,A,0,25.84,2
6,28499567,32,6.88309353229,40,5.21739839663,C,56.25,37.5,0
4,10599639,13,2.12764557096,0,0,T,46.15,0,2
19,40901647,77,3.47793414569,43,1.88716048915,G,14.29,13.95,2
17,1629551,0,0,136,3.72243662394,G,0,8.82,0
3,73432732,0,0,228,28.1805152905,G,0,35.53,2
19,19408000,0,0,65,1.53976387069,G,0,7.69,2
7,100612952,0,0,20,1.62778784835,A,0,25,2
20,18407713,0,0,25,1.95291992718,A,0,24,3
9,79938036,34,5.82399560853,36,5.31706109833,T,47.06,41.67,2
11,94278312,0,0,61,1.54211810327,C,0,8.2,2
4,123274185,0,0,71,9.87667113307,G,0,39.44,2
3,16926666,39,22.4348372072,18,9.95785781694,G,100,100,2
6,144416537,54,3.55678396583,72,2.17356235651,C,20.37,9.72,2
15,51743890,32,5.00651086375,31,5.9588047663,G,43.75,51.61,2
11,4703607,21,2.36551265352,23,4.45907018716,C,33.33,52.17,2
19,52497478,0,0,184,31.5965706045,G,0,46.74,2
2,241726733,0,0,39,4.83164985981,A,0,35.9,2
12,52788779,0,0,41,2.2281480548,G,0,17.07,2
1,167095825,0,0,33,2.98213228104,T,0,27.27,2
20,62203597,52,2.20081803145,0,0,G,13.46,0,2
4,177190258,0,0,51,19.4318687078,T,0,82.35,3
18,28972147,0,0,86,12.0116863505,C,0,39.53,2
10,46999679,73,4.86293086916,55,3.55183495344,A,20.55,20,0
2,202357949,18,9.95785781694,16,8.77892498339,C,100,100,0
11,1432651,107,3.10590003041,91,1.8430875743,C,9.35,6.59,0
1,6273206,40,7.88615688106,0,0,T,52.5,0,2
11,5411062,0,0,143,9.06510278695,G,0,19.58,0
15,102346781,0,0,71,10.3000929312,A,0,40.85,2
21,37603028,51,6.61634617854,70,6.333173256,T,37.25,27.14,2
1,223284444,18,2.4188129309,29,3.02665043561,A,38.89,31.03,2
8,77767338,0,0,48,13.1196666829,G,0,66.67,3
1,109839519,65,11.3945225635,38,12.7039933307,T,47.69,76.32,2
12,11183427,97,1.52806319541,85,1.5314016195,G,5.15,5.88,0
1,29344836,0,0,96,7.21262455067,C,0,22.92,2
17,39968157,74,1.85189114227,91,2.15918530365,C,8.11,7.69,2
8,24346794,0,0,32,4.16272098053,T,0,37.5,2
1,15386680,138,2.14105396411,136,2.4542229615,C,5.07,5.88,2
1,197890606,0,0,120,4.71780854372,A,0,12.5,2
20,34782185,41,6.46167766677,57,8.13688541319,C,43.9,40.35,2
12,57437119,488,89.9428666328,419,74.4352511082,T,49.39,47.97,2
18,53303101,31,17.6678444286,45,26.0163105802,G,100,100,2
7,120901720,121,24.2799234272,149,19.6402593521,A,52.89,37.58,0
16,72110637,49,7.51249397378,53,13.7264663198,A,42.86,64.15,2
11,1018390,142,3.0836460823,129,3.09157932581,A,7.04,7.75,2
13,43930118,75,1.53500402138,0,0,G,6.67,0,2
13,53421707,93,2.15802769327,87,1.84484622223,G,7.53,6.9,2
5,76733224,0,0,41,2.92245041955,A,0,21.95,2
11,1017363,333,5.8342809702,301,9.0374459982,G,5.71,9.63,2
2,88474256,57,8.13688541319,75,10.6146976601,A,40.35,40,0
17,56437542,21,5.65761680229,27,3.86582289242,T,66.67,40.74,0
16,49525194,0,0,51,4.66272048396,A,0,27.45,2
1,159683719,0,0,87,6.19828080356,T,0,21.84,2
19,4511948,175,3.6970633003,186,3.06422075553,G,6.86,5.38,2
6,83847326,79,15.9244530386,129,20.2030789247,G,53.16,43.41,2
11,55735035,0,0,44,1.88518892616,A,0,13.64,3
19,50435934,47,1.55369588605,0,0,C,10.64,0,0
X,115593996,31,17.6678444286,40,23.0314376715,G,100,100,0
5,14610337,11,1.75587138133,11,3.28735029837,G,45.45,72.73,2
12,122618147,317,53.0513670083,225,39.0386785915,A,45.74,47.11,2
1,22199882,0,0,46,2.55233042298,G,0,17.39,2
9,131186822,117,2.77861184669,117,1.83469630753,C,7.69,5.13,2
20,18513369,0,0,24,1.60514573272,C,0,20.83,2
12,50367201,141,4.36167051293,0,0,C,9.93,0,2
6,57398154,114,20.3374499241,175,25.276396578,C,48.25,40.57,2
6,57398157,160,41.3474539155,247,57.0196875026,G,63.75,58.7,2
11,1977613,88,19.8921119748,75,16.1788665637,T,57.95,56,2
17,48264846,59,11.2068804268,71,10.729927037,T,50.85,42.25,0
3,169555366,0,0,43,4.37649227789,T,0,30.23,3
19,33149861,59,10.734616075,66,12.7584784223,A,49.15,51.52,2
15,78807407,8,4.1095789812,13,7.01705974521,A,100,100,3
11,74648036,315,54.9624539879,248,44.9717541834,T,47.3,48.79,2
11,58979891,136,23.0757362247,109,21.5426480539,T,46.32,52.29,0
17,48692787,90,3.12497927265,0,0,C,11.11,0,0
19,1089492,0,0,115,1.83520118031,C,0,5.22,0
1,34667777,184,3.6927821708,157,2.44791610215,C,6.52,5.1,2
2,239039312,27,6.20896936245,0,0,T,59.26,0,2
3,48696596,60,8.0608153329,51,3.22194285695,A,38.33,19.61,2
1,177133734,117,20.6673393997,140,28.0831724557,T,47.86,52.86,2
17,62029022,95,4.10438963183,62,3.1811739013,C,13.68,16.13,0
4,178360811,92,17.1538299563,116,45.7435468551,T,50,83.62,0
2,187540395,33,4.97563749565,83,12.0938805425,A,42.42,40.96,2
6,143074549,100,23.7094089575,98,10.5591381264,A,60,31.63,2
12,124086736,31,5.53519758711,25,5.83797356758,G,50,60,0
6,35911856,121,24.2799234272,87,28.3753260812,A,52.89,74.71,2
2,216256433,88,3.45575827259,0,0,A,12.5,0,2
4,177089839,72,42.1703232158,227,135.24079313,G,100,100,2
7,100612961,0,0,19,1.63514894799,C,0,26.32,2
12,122217507,50,10.2491060796,33,5.41288421285,T,54,45.45,2
17,37884013,71,9.87667113307,74,12.8920103577,T,39.44,47.3,0
21,19744510,0,0,50,5.05135723196,A,0,30,2
5,63257125,0,0,36,4.08899162236,A,0,33.33,2
17,4848302,812,131.32032686,809,67.0623366988,G,44.46,24.97,0
7,35707069,26,2.68277265082,46,4.34124473594,A,30.77,28.26,2
17,79409309,26,13.2640499747,37,21.2420804002,G,96.15,100,2
8,87076250,44,10.1521498265,54,17.9911018852,G,59.09,75.93,2
1,231398486,0,0,158,13.6395580669,T,0,25.95,2
17,8215425,98,1.52782885331,0,0,C,5.1,0,2
6,144224281,0,0,36,4.08899162236,G,0,33.33,2
17,3585194,0,0,12,1.72969390885,T,0,41.67,0
8,86171695,68,3.16493754899,67,2.1787682321,G,14.71,10.45,2
6,25778182,31,4.18489398956,43,8.20808489488,T,38.71,51.16,3
6,132171228,0,0,46,2.55233042298,A,0,17.39,2
X,27765467,0,0,18,4.27597822602,T,0,61.11,2
9,96051636,0,0,42,2.22502343633,C,0,16.67,2
4,675949,26,4.78571261709,22,6.9128932559,A,50,72.73,0
19,48197634,0,0,120,1.83395491215,C,0,5,2
3,188477964,124,20.8325940428,108,21.1119778469,G,45.97,51.85,2
3,127411100,39,6.98851414,53,10.5650002086,A,48.72,52.83,3
7,98786092,66,14.7604252629,65,17.6213114553,A,57.58,66.15,2
3,142281478,0,0,52,4.2847573375,G,0,25,2
1,238050786,0,0,24,2.32784670375,T,0,29.17,3
1,202910718,0,0,79,1.84948916709,T,0,7.59,0
9,79635645,25,3.08861864071,27,5.69708492043,G,36,55.56,2
3,10331519,77,13.6408667837,67,4.89797814308,T,48.05,22.39,0
22,38028650,176,29.1925935205,151,39.4375049085,T,45.45,64.24,2
1,197098366,0,0,35,1.90727935532,G,0,17.14,2
17,48605560,0,0,85,2.80612438785,T,0,10.59,0
7,124491972,0,0,19,1.63514894799,A,0,26.32,0
1,237756834,0,0,124,3.73360365081,T,0,9.68,2
5,31267623,0,0,63,1.8602468143,A,0,9.52,2
1,36181813,44,25.4191092221,43,24.8220020369,C,100,100,2
17,39346622,0,0,84,1.8462765757,A,0,7.14,2
12,130648059,92,20.1163328878,54,12.5341266134,T,56.52,59.26,2
20,33574773,94,9.45671439012,81,8.47836511651,G,29.79,30.86,0
16,85942643,29,2.2847573375,23,1.60998388539,C,24.14,21.74,2
7,22233581,123,17.8170720308,113,13.8713745951,G,40.65,35.4,2
5,118468907,109,20.5776071638,115,18.479359285,C,50.46,44.35,2
17,51900905,0,0,65,3.85461710803,T,0,18.46,3
6,119345551,151,21.2642813665,272,29.7623306161,T,39.74,31.99,2
1,119576753,0,0,96,6.85467926108,C,0,21.88,2
19,2248265,70,2.82824430191,61,2.18621225376,G,12.86,11.48,0
7,88423514,0,0,32,1.91768147789,T,0,18.75,0
6,135784402,0,0,60,4.22921424172,G,0,21.67,2
19,38610383,43,8.20808489488,60,6.06997348722,G,51.16,30,2
12,50724444,96,17.432279788,96,16.5071418708,C,48.96,46.88,2
7,63726622,0,0,47,5.88545573279,A,0,36.17,2
4,175898988,0,0,472,14.0245360227,A,0,9.53,2
1,155148054,41,1.56122039664,0,0,C,12.2,0,0
17,77807927,121,2.14594306562,0,0,G,5.79,0,2
11,66084284,27,4.74232142513,24,2.71018816088,T,48.15,33.33,2
2,80097020,0,0,38,2.94149805657,C,0,23.68,2
20,42355288,99,14.6288951781,115,18.479359285,T,41.41,44.35,2
7,48314442,0,0,116,7.44917261155,A,0,19.83,2
6,1314117,39,1.8961278916,0,0,C,15.38,0,2
10,61830584,59,5.70199888859,45,3.25363050559,C,28.81,22.22,0
2,208841900,105,1.83803338364,96,15.6039751034,A,5.71,44.79,3
17,79612465,47,4.3306645205,48,11.9729359378,C,27.66,62.5,2
6,160551218,71,12.0599519291,56,9.03478888858,C,46.48,44.64,2
13,114537583,16,1.66372042565,27,3.05486637422,G,31.25,33.33,2
17,54912391,99,9.77507865442,128,14.397538472,G,29.29,32.81,0
19,49100006,0,0,30,2.27808226653,A,0,23.33,0
16,1488052,32,5.00651086375,11,3.95636269041,C,43.75,81.82,2
X,150791439,0,0,80,1.53308791491,T,0,6.25,2
11,1017088,268,9.40409612956,278,5.54195168083,C,11.19,6.47,0
8,23305278,0,0,119,14.1582152044,A,0,34.45,2
22,21982753,0,0,63,1.8602468143,A,0,9.52,0
12,13243536,66,11.8128178224,54,12.0093592867,T,48.48,57.41,2
16,67327788,50,2.20482933024,0,0,G,14,0,0
22,51011365,30,6.01232479907,33,4.14221534894,T,53.33,36.36,0
1,22168576,45,7.65352966452,45,17.0687201553,T,46.67,82.22,2
8,81399152,23,1.96750211714,0,0,T,26.09,0,2
12,85680673,0,0,25,2.31762023328,T,0,28,2
4,2461888,12,6.43203309318,8,4.1095789812,G,100,100,2
12,112165844,93,1.5290752467,0,0,C,5.38,0,2
4,113436351,104,11.2481437604,0,0,G,31.73,0,2
19,9089345,47,6.71322926329,47,9.44117147518,C,40.43,53.19,2
22,29138096,106,1.83803338364,0,0,G,5.66,0,2
1,152733472,113,15.1009514114,131,16.7522967181,T,38.05,36.64,2
16,68719119,20,2.78568610258,25,4.36819109011,C,40,48,2
13,109318323,0,0,63,15.0002519639,A,0,60.32,2
6,90471392,52,9.65775502145,71,12.5175981105,G,50,47.89,2
17,3195777,13,7.01705974521,8,4.1095789812,T,100,100,2
15,40581537,70,8.66238102758,58,4.96625466399,G,35.71,25.86,2
11,129034302,39,4.83164985981,46,8.06849636298,C,35.9,47.83,2
2,74710514,126,18.1300411526,118,17.5055531907,T,40.48,41.53,0
6,146720360,150,14.4742556998,163,16.6004128,A,28.67,30.06,2
11,26718732,51,1.5497046926,56,2.52470662334,A,9.8,14.29,2
12,6062708,56,10.4073458922,87,9.94958157275,A,50,33.33,2
8,144660335,0,0,71,3.49317038277,T,0,15.49,0
11,31484817,34,2.2557696224,43,4.37649227789,A,20.59,30.23,2
2,84899498,60,9.33901126813,66,11.8128178224,T,43.33,48.48,2
19,14507228,0,0,70,1.53721280907,C,0,7.14,0
11,71155238,20,2.381115515,24,5.39080058351,A,35,58.33,2
11,117351190,0,0,28,4.26374695812,T,0,42.86,2
11,26663519,0,0,49,4.68411358429,A,0,28.57,2
17,78190883,60,5.69060407413,76,9.75832902622,C,28.33,36.84,2
16,2049715,140,26.149304764,122,39.7662679906,C,50,74.59,2
5,176016559,17,2.87325185844,14,1.691008971,T,47.06,35.71,2
19,36336428,63,2.18356645951,0,0,C,11.11,0,2
19,41858772,25,1.60074173883,0,0,G,20,0,0
5,169697831,0,0,266,13.4065145578,T,0,15.79,2
9,139413211,0,0,31,2.27189793818,G,0,22.58,0
5,143853235,0,0,32,2.99203896666,T,0,28.12,2
21,11098704,570,14.8988030141,0,0,G,8.42,0,0
6,124125367,0,0,78,2.16823257521,G,0,8.97,2
10,116049119,0,0,69,1.53769186543,A,0,7.25,2
15,73470724,0,0,40,1.56270933534,C,0,12.5,2
12,106729425,19,3.70905321527,19,3.70905321527,A,52.63,52.63,2
21,47671580,0,0,87,3.78890616894,T,0,13.79,0
4,152637229,37,8.07050954932,36,15.685016855,A,56.76,88.89,2
6,30997500,0,0,294,6.16577645862,C,0,6.8,2
13,31722611,15,4.00021720155,0,0,C,66.67,0,2
5,133914639,112,5.74069287879,89,1.53017798402,C,16.07,5.62,2
7,50534932,0,0,20,1.62778784835,T,0,25,2
15,33023215,0,0,118,4.72147503526,A,0,12.71,3
22,36122936,0,0,56,8.16458213692,C,0,41.07,2
2,1652362,70,12.1007651506,84,16.1317141936,T,47.14,51.19,2
6,138754056,99,17.3413495632,118,16.2298773319,T,47.47,38.98,0
18,13645559,0,0,35,1.57150884182,T,0,14.29,2
12,6709757,0,0,87,1.53078199958,G,0,5.75,2
11,55681515,0,0,60,3.52979538458,A,0,18.33,2
17,72745167,0,0,96,2.4741651072,G,0,8.33,0
17,72745164,63,4.21244743364,100,5.78320093835,G,20.63,18,0
11,94801201,53,7.39873332022,36,4.48692896574,T,39.62,36.11,2
17,11671876,228,4.93483124829,165,21.7498240519,A,7.02,37.58,2
1,154923970,0,0,90,7.25755768411,C,0,24.44,2
11,64112394,45,7.20636325146,33,8.39971337438,A,44.44,63.64,2
10,5541277,73,13.8307371359,70,14.4879563137,C,50.68,54.29,2
12,44194330,0,0,74,5.21070138884,A,0,21.62,2
4,175180938,44,7.69424032774,62,2.84475508282,C,47.73,14.52,2
X,39933431,0,0,31,6.44547449888,A,0,54.84,2
19,56424168,0,0,48,1.87821043114,A,0,12.5,2
13,74420269,65,9.61711883282,71,24.4977504581,T,41.54,77.46,2
3,33725857,0,0,52,7.85278758303,T,0,42.31,2
19,40895487,0,0,71,1.85390298646,G,0,8.45,0
15,56756243,47,7.14113810525,63,16.1061051413,G,42.55,63.49,2
5,150678162,196,31.5811851526,127,23.0057708592,T,44.39,48.82,2
3,45776753,57,12.3113132757,49,15.4866492012,G,56.14,73.47,2
3,147130443,0,0,32,2.26614496806,A,0,21.88,2
3,124996619,0,0,119,9.57412356511,T,0,24.37,2
10,64967014,0,0,163,11.4245927532,T,0,21.47,2
1,210329130,56,11.3721836941,105,11.6238064131,T,53.57,32.38,0
19,11685989,36,6.19787649312,41,7.83321478026,A,47.22,51.22,2
7,99779744,0,0,60,9.33901126813,C,0,43.33,2
4,175898983,0,0,460,10.8285953652,T,0,7.61,2
12,52967237,66,1.53922239381,0,0,A,7.58,0,2
1,233802691,0,0,36,4.08899162236,A,0,33.33,2
11,64856500,54,31.3954607629,45,26.0163105802,G,100,100,0
4,106158350,26,3.07094910315,0,0,C,34.62,0,2
16,2903944,34,4.12319348891,44,16.5425723071,G,35.29,81.82,2
15,44106727,0,0,145,11.5505061732,A,0,24.14,2
11,18380168,65,9.61711883282,73,12.4338454512,T,41.54,46.58,2
17,77984172,78,17.5118160506,89,17.3097596065,A,57.69,51.69,2
X,24073777,0,0,95,2.15692302261,A,0,7.37,2
8,144944742,0,0,39,1.56426708752,G,0,12.82,2
17,8216290,89,15.4264554147,45,2.21653951277,T,47.19,15.56,2
22,23523602,157,24.9767887077,177,50.6017994928,T,43.95,68.36,2
1,155408815,37,3.68920051617,73,10.6702767759,G,29.73,41.1,0
10,118960774,15,3.45614294993,0,0,C,60,0,2
1,151143970,68,11.7266514313,108,14.3897977906,C,47.06,37.96,0
10,11911986,0,0,15,6.05712422545,A,0,86.67,0
15,75189489,207,32.9652512569,210,26.909918382,T,43.96,36.67,0
17,47656601,133,2.14235998721,0,0,G,5.26,0,0
1,45500083,13,3.08417821238,0,0,T,61.54,0,2
17,10204957,0,0,13,1.70852014776,T,0,38.46,2
7,1481941,68,11.2736640767,52,5.40837896179,A,45.59,30.77,2
7,1131638,156,3.39056567967,167,2.75730952595,C,7.05,5.39,0
3,127323507,0,0,50,2.20482933024,G,0,14,2
11,5906310,0,0,220,11.1740678249,C,0,15.91,2
2,238485990,18,4.27597822602,0,0,C,61.11,0,0
19,1236080,53,13.1641699695,62,6.81485464232,G,62.26,32.26,3
12,122260993,107,1.83743559348,0,0,C,5.61,0,2
7,146805318,0,0,24,3.10811702823,A,0,37.5,2
6,51890331,0,0,41,2.2281480548,T,0,17.07,3
8,110412502,0,0,50,12.3387174961,A,0,62,2
11,129801109,76,3.48029010839,65,6.01157036977,G,14.47,27.69,2
2,85361202,52,4.2847573375,62,7.60869431186,A,25,35.48,2
2,71840474,0,0,85,6.93359952404,A,0,24.71,2
13,100517120,0,0,112,4.40229384718,A,0,12.5,2
20,56735870,21,3.18098280131,21,4.0840780589,T,42.86,52.38,2
8,22451403,85,1.5314016195,0,0,C,5.88,0,0
19,48339595,35,6.70858674543,33,4.55239239643,A,51.43,39.39,2
5,7757611,0,0,269,7.78057266549,G,0,9.29,2
17,39998390,0,0,98,11.3458523479,C,0,33.67,2
5,13830781,125,19.8995949884,208,20.992252222,G,44,29.81,2
19,48832704,283,49.4774775223,317,82.5781658265,T,47.35,64.04,3
8,145738669,109,21.0574066644,98,44.1691676303,T,51.38,89.8,0
11,118917367,143,29.8880321628,101,21.5388918233,A,54.55,55.45,2
11,1017591,203,4.94996843763,232,4.6173706916,G,7.88,6.47,2
11,1017595,215,3.368272206,236,3.98712061283,C,5.12,5.51,2
1,99771916,0,0,24,2.71018816088,T,0,33.33,2
4,16504323,61,1.86210810175,0,0,G,9.84,0,2
10,27322306,16,2.91236053169,12,3.17195912409,T,50,66.67,2
7,32209425,69,39.7744581228,81,47.5633762594,G,98.55,100,2
9,110249632,97,2.15585846038,0,0,G,7.22,0,2
19,536271,53,1.54795275919,0,0,C,9.43,0,2
11,58377395,68,10.8281273439,68,14.6181992575,G,44.12,55.88,0
6,30039349,49,7.95183020123,52,7.00593372814,T,44.9,38.46,0
10,123970021,78,4.83827273028,71,3.83229876503,A,19.23,16.9,2
12,11174390,74,2.82142589662,76,1.85065770071,A,12.16,7.89,0
19,50435928,37,2.59147173172,58,1.54410496095,C,21.62,8.62,0
12,11174397,72,3.49043459678,76,1.53460227571,A,15.28,6.58,0
11,56468449,0,0,148,2.45039601156,T,0,5.41,0
12,123706313,73,10.6702767759,65,13.804515477,G,41.1,55.38,2
1,7890024,135,6.68756874441,107,5.75713570386,G,15.56,16.82,2
1,161138933,72,10.2723286368,96,9.81380675008,G,40.28,30.21,0
1,7890026,132,6.69660952589,106,5.76062543322,G,15.91,16.98,2
1,147092352,35,1.57150884182,42,1.55979958464,T,14.29,11.9,0
8,6360645,15,1.67627363284,23,3.99417624697,G,33.33,47.83,0
13,42161671,123,19.0864775404,195,12.6575378397,T,43.09,20,2
6,57398163,155,39.5880101232,246,55.5116185221,G,63.23,57.72,2
19,39227939,0,0,38,1.56592634621,C,0,13.16,2
4,2460519,14,1.691008971,20,3.21165483485,C,35.71,45,2
19,42507725,0,0,63,4.92558587016,T,0,23.81,2
7,44092484,59,5.70199888859,52,4.65272854519,C,28.81,26.92,2
5,9629419,91,2.15918530365,144,25.9565591238,A,7.69,48.61,2
11,1017768,286,9.37931231451,278,12.3626003409,A,10.49,14.03,2
13,110435157,44,2.21922918422,57,1.54482002445,G,15.91,8.77,2
17,36061168,0,0,46,1.88153686022,T,0,13.04,2
1,248367306,0,0,23,3.12974830005,A,0,39.13,3
3,186937930,82,12.1230205023,70,8.66238102758,A,41.46,35.71,2
17,26946786,46,8.53338443251,66,10.9385852217,C,50,45.45,0
15,59961116,30,4.63492404147,31,5.4908243698,A,43.33,48.39,2
22,19435250,90,4.79134369949,124,8.10986413295,C,16.67,20.16,0
17,39913898,87,12.8347556739,81,16.2988898627,G,41.38,53.09,2
20,42204913,57,4.24797461268,71,4.1753730958,C,22.81,18.31,2
5,145428783,82,14.8096122674,94,14.7878656865,G,48.78,43.62,2
19,7680175,0,0,88,2.16103133739,G,0,7.95,0
8,75156799,78,11.8127331618,110,8.19393540081,G,42.31,22.73,2
3,113524266,35,2.96429016217,0,0,C,25.71,0,2
11,62652950,143,25.536107011,135,33.6997524388,T,48.25,62.22,0
4,120192864,27,5.20896936245,27,8.55860339715,T,51.85,74.07,2
8,8560021,0,0,60,1.54275412166,C,0,8.33,2
19,46113010,0,0,10,1.78903974458,T,0,50,0
22,50987169,72,1.53628613846,0,0,G,6.94,0,0
11,46396591,92,14.4155556928,84,10.0027621924,T,43.48,34.52,2
2,162820647,0,0,70,5.2361603706,G,0,22.86,2
3,107435532,28,5.16045910703,0,0,T,50,0,2
9,35906559,27,1.94077748747,0,0,C,22.22,0,2
2,46587843,0,0,38,3.30517551579,T,0,26.32,2
20,5948171,43,1.88716048915,0,0,A,13.95,0,2
11,610660,133,2.45528719698,122,3.09366495819,C,6.02,8.2,0
19,35625544,33,2.98213228104,29,2.64990711454,C,27.27,27.59,2
16,68289836,16,3.90612324461,18,4.27597822602,A,62.5,61.11,2
19,56029983,204,3.3714271724,190,5.28005582904,C,5.39,8.95,2
19,52468803,0,0,64,2.18230905354,A,0,10.94,2
10,121587043,350,63.6127525886,293,49.0190926003,C,48.86,45.73,0
9,12775880,66,1.53922239381,0,0,G,7.58,0,2
12,57604963,0,0,30,3.01421438223,C,0,30,2
11,1018348,147,5.0037029013,129,4.0514305599,A,10.88,10.08,2
1,179033112,0,0,131,6.02484862025,A,0,14.5,2
3,33059981,21,3.18098280131,12,2.64048703941,A,42.86,58.33,2
10,73970502,37,3.68920051617,38,8.00429462207,G,29.73,55.26,0
14,45605457,0,0,99,1.84001194962,G,0,6.06,2
11,71819718,36,5.75072824693,30,6.01232479907,A,44.44,53.33,0
7,2695750,21,1.62122066894,18,2.02087064385,A,23.81,33.33,2
3,55768836,0,0,156,27.7382852242,T,0,48.08,2
16,31092959,102,17.1740354054,92,17.1538299563,T,46.08,50,0
11,55406740,0,0,59,3.19064906622,A,0,16.95,2
11,56468704,349,39.925549281,361,41.3045445921,C,33.24,33.24,0
5,1078832,62,8.01522972974,153,18.7356544929,T,37.1,35.29,2
5,177020725,0,0,69,5.97191699298,G,0,26.09,2
9,104432950,0,0,142,5.3384523244,G,0,11.97,2
12,102190521,36,5.75072824693,31,5.4908243698,T,44.44,48.39,2
12,11243936,0,0,80,3.1402374403,G,0,12.5,0
16,25182110,51,7.45273000913,43,2.91678413784,G,41.18,21.43,2
Y,2712199,0,0,25,4.8340438128,A,0,52,2
19,51871142,98,13.3837451028,85,22.9520634839,T,38.78,65.88,0
6,32947765,0,0,19,4.73023029088,G,0,63.16,0
17,4638785,47,7.57900517036,40,11.7167666351,A,44.68,70,0
5,176825240,144,4.03639159221,98,3.44016516511,C,9.03,11.22,0
4,103966054,19,2.39874419757,19,2.00753485219,T,36.84,31.58,2
10,18828486,59,3.53811147366,42,2.56744757542,G,18.64,19.05,2
15,73023725,41,2.2281480548,46,3.60521572095,T,17.07,23.91,0
4,175898994,477,7.66592843526,472,17.6109225562,C,5.24,11.86,2
17,61611569,0,0,42,1.55979958464,C,0,11.9,0
19,39306598,0,0,58,3.53811147366,T,0,18.97,2
12,16369828,19,10.5483363506,28,15.8835915194,T,100,100,2
19,1004966,0,0,54,1.54712535624,G,0,9.26,0
3,45266715,27,1.94077748747,23,1.96750211714,G,22.22,26.09,2
11,64005040,120,3.41544263947,118,1.83445892328,C,9.17,5.08,0
15,66274787,0,0,10,1.78903974458,A,0,50,2
3,16926642,22,12.3230687363,11,5.84844629546,G,100,100,2
11,64005048,135,3.40340290437,0,0,C,8.15,0,0
21,46640825,104,14.4895220157,132,20.5416492579,A,39.42,43.18,0
11,407954,69,5.97191699298,60,5.69060407413,C,26.09,28.33,0
9,82267703,85,15.6059688077,71,9.45940777519,G,49.41,38.03,2
11,92616485,81,3.80556891744,73,2.496086806,C,14.81,10.96,2
9,131823557,0,0,54,1.54712535624,C,0,9.26,2
11,92616488,0,0,72,2.17356235651,C,0,9.72,2
5,45396802,0,0,31,2.63204803224,A,0,25.81,2
6,54806692,0,0,45,2.21653951277,G,0,15.56,2
15,91017182,0,0,103,6.46384574032,A,0,19.42,2
4,62598693,0,0,121,4.38748103776,T,0,11.57,2
4,115997543,0,0,72,10.2723286368,G,0,40.28,2
20,17623770,42,3.63740444245,45,5.12317042004,A,26.19,33.33,2
8,124978406,71,12.0599519291,76,28.6107630162,A,46.48,81.58,2
2,233396160,132,15.9196982732,93,6.1638405169,T,34.85,20.43,0
11,1017316,0,0,239,4.29951261884,T,0,5.86,2
12,63543707,0,0,63,5.28966258038,T,0,25.4,2
20,35414904,0,0,35,2.25107584764,G,0,20,0
16,28998139,97,4.1001740279,0,0,C,13.4,0,0
14,57114033,0,0,35,2.25107584764,A,0,20,2
20,50701443,0,0,95,1.52856159261,T,0,5.26,2
1,223283837,56,11.871019476,79,14.4817361805,C,55.36,49.37,2
20,60854296,0,0,140,17.7851296714,C,0,36.43,2
20,18477732,166,9.65641417931,225,12.1803047458,C,18.07,16.89,2
6,111901465,20,3.66162320077,14,4.11760070263,T,50,71.43,0
6,30997589,317,11.6224934076,315,11.6257650478,G,11.67,11.75,2
7,100807151,44,1.88518892616,0,0,C,13.64,0,0
1,240370952,120,2.46054750845,113,2.46390892789,T,6.67,7.08,2
19,9002587,0,0,46,1.55480070429,T,0,10.87,2
20,31606869,20,4.13874644803,17,2.87325185844,T,55,47.06,2
21,33684147,85,1.84578911779,0,0,C,7.06,0,0
X,27839596,0,0,35,9.33183781191,T,0,65.71,2
18,6959394,46,8.53338443251,105,14.4636814956,A,50,39.05,2
19,17322755,0,0,54,1.54712535624,C,0,9.26,2
17,59489969,0,0,34,2.97289513412,C,0,26.47,0
2,74588717,25,4.8340438128,24,2.32784670375,A,52,29.17,0
12,11183406,93,1.5290752467,69,1.53769186543,T,5.38,7.25,0
11,75317003,80,4.14332547533,74,1.8525710313,C,16.25,8.11,2
9,33797891,180,6.59042189271,138,3.40131890109,T,11.67,7.97,2
21,43373522,93,4.1088027521,89,4.11826736226,C,13.98,14.61,2
9,35609179,136,5.01978294444,95,3.77303940647,C,11.76,12.63,0
1,154544490,108,25.1856724801,95,21.4536054167,C,59.26,57.89,2
13,42876091,123,18.64992651,126,7.40322702324,G,42.28,18.25,2
5,5237156,0,0,117,6.40581746465,A,0,17.09,2
1,40148347,0,0,129,27.7812544878,T,0,55.81,2
20,31023395,0,0,119,6.7415782421,T,0,17.65,2
16,31447420,0,0,70,1.53721280907,T,0,7.14,2
11,104868172,23,2.33910607569,0,0,G,30.43,0,0
16,71015444,0,0,34,2.60973627297,T,0,23.53,2
12,83251082,157,2.76045027916,0,0,C,5.73,0,2
2,179396376,112,20.9019449603,96,19.3533316603,C,50,53.12,0
19,49714497,213,30.6006378365,219,59.791316839,T,40.38,66.21,0
16,85687999,85,2.16300533495,0,0,C,8.24,0,2
18,10677856,20,3.21165483485,26,3.4739710438,T,45,38.46,2
18,72021717,49,28.4061603389,58,33.7882655771,C,100,100,2
X,142121906,0,0,13,2.12764557096,T,0,46.15,2
19,17394637,62,1.54149812531,0,0,C,8.06,0,0
17,27908810,121,18.2785026513,153,23.3532239009,A,42.15,42.48,2
6,155153482,104,12.8375849639,151,22.1168327494,A,35.58,41.06,2
11,48367155,55,6.1412102392,57,6.90004326576,A,32.73,35.09,2
13,94197611,39,5.6590207834,49,15.4866492012,T,41.03,73.47,2
12,11183421,0,0,82,1.53237709758,T,0,6.1,0
14,53619681,28,3.43350358446,16,4.47039001013,T,35.71,68.75,2
19,36435631,64,9.64716171002,48,7.11117488187,T,42.19,41.67,2
17,34190069,289,46.0308917442,334,54.2008594099,A,43.94,44.61,2
1,220101499,106,17.9216519504,132,18.3907151492,A,46.23,39.39,0
12,6030474,74,13.7805726655,56,13.9899970259,T,50,62.5,2
6,10924867,71,10.729927037,130,15.5558927202,G,42.25,34.62,2
17,41931321,0,0,131,12.4264206336,G,0,28.24,0
11,18740268,47,7.57900517036,50,15.3239194066,T,44.68,72,2
2,235950749,76,21.0586078408,67,23.9147451089,A,67.11,79.1,2
2,219498439,110,26.6365008385,97,33.4449902411,C,60.91,77.32,0
2,153504371,28,7.20896936245,45,7.20636325146,G,64.29,44.44,0
6,33169182,163,35.6569657895,106,29.3518156942,C,56.44,66.98,2
11,62296592,140,29.5797801223,159,19.0219382339,A,55,34.59,0
11,48346551,104,4.75134025695,95,3.77303940647,A,14.42,12.63,2
12,26755563,17,2.87325185844,21,2.76343754815,T,47.06,38.1,2
10,13538788,0,0,48,4.69559565032,A,0,29.17,2
15,55648488,0,0,89,6.90232630055,T,0,23.6,0
9,27948958,0,0,67,2.1787682321,T,0,10.45,2
8,48889267,0,0,21,4.0840780589,C,0,52.38,2
15,34130660,0,0,31,1.58075489584,T,0,16.13,2
6,143090951,96,17.9034375616,74,16.2489442609,T,50,56.76,2
10,127585212,0,0,82,2.1651344201,T,0,8.54,1
19,7937107,0,0,99,1.52759463759,G,0,5.05,2
7,149128961,0,0,92,6.16923174887,A,0,20.65,2
7,27182759,0,0,37,3.31438364285,T,0,27.03,0
3,167183414,0,0,12,2.64048703941,A,0,58.33,2
19,56029976,0,0,172,3.06873541811,C,0,5.81,2
18,3215083,28,5.16045910703,31,5.04003373462,C,50,45.16,2
6,170059557,59,11.2068804268,52,11.6373667547,A,50.85,57.69,2
10,97154830,39,5.6590207834,64,9.64716171002,C,41.03,42.19,0
10,47087498,350,29.2142005266,229,14.9392643966,T,25.14,20.09,0
5,150945963,113,22.2919021787,125,27.5504290435,C,52.21,56.8,2
2,11778034,0,0,138,17.829005298,T,0,36.96,3
1,55337283,29,3.81829929558,55,3.55183495344,T,37.93,20,2
6,36298233,0,0,31,5.4908243698,T,0,48.39,2
6,32610487,131,6.69973068547,103,4.08857603462,G,16.03,12.62,2
10,68940163,62,7.20863923133,47,6.29482075513,A,33.87,38.3,2
2,69741854,24,13.5084982338,24,13.5084982338,G,100,100,2
17,73498126,0,0,62,6.04528002919,A,0,29.03,0
5,149677883,0,0,49,5.8472225852,T,0,34.69,2
15,65267054,13,2.58357586181,15,3.45614294993,T,53.85,60,2
8,12879513,0,0,65,4.91129703965,T,0,23.08,2
10,134999607,29,6.0712355636,27,3.45280391901,A,55.17,37.04,2
5,132534798,0,0,99,3.43879124912,T,0,11.11,2
3,136710808,0,0,36,4.08899162236,A,0,33.33,2
17,35913657,135,24.0378722693,190,30.4623068056,A,48.15,44.21,2
8,30977847,72,10.699556698,114,36.4421200183,C,41.67,73.68,2
12,10132008,30,5.07656427076,28,4.26374695812,A,46.67,42.86,0
4,169227787,44,7.24195150134,66,1.85770441171,C,45.45,9.09,2
5,179740821,27,3.05486637422,25,3.49728617643,A,33.33,40,2
3,44776091,18,2.4188129309,0,0,T,38.89,0,2
2,128341868,0,0,48,4.69559565032,G,0,29.17,2
14,45496564,55,3.20504514604,78,3.8109309906,A,18.18,15.38,2
11,20104719,0,0,48,3.2366843385,G,0,20.83,2
5,176759170,45,6.77008789167,38,7.03425753215,T,42.22,50,2
19,9868341,93,1.5290752467,0,0,A,5.38,0,2
8,114326813,21,3.18098280131,45,15.550213153,C,42.86,77.78,2
3,16926648,27,15.289349618,13,7.01705974521,G,100,100,2
3,57443624,131,20.1366295486,129,44.7367901514,C,42.75,77.52,2
14,90650514,76,10.5883129668,76,10.1705096815,T,39.47,38.16,2
12,6884651,0,0,41,1.89140115403,C,0,14.63,0
19,59028629,43,2.91140327174,46,3.96964319469,G,20.93,26.09,2
10,124895788,50,9.76007518674,21,3.62031384809,T,52,47.62,2
17,79423491,71,9.45940777519,54,10.5096762485,A,38.03,51.85,2
15,77907402,49,4.31099320935,30,6.50964816332,A,26.53,56.67,2
5,131630568,81,1.84780341767,0,0,C,7.41,0,2
13,101881803,23,2.72605010745,22,1.61532407664,C,34.78,22.73,2
19,49657423,249,32.6181451724,313,74.5766230381,G,37.35,60.06,0
1,247978538,0,0,63,9.24663912386,T,0,41.27,2
2,26667166,0,0,80,4.14332547533,G,0,16.25,2
13,103383616,0,0,170,10.6811022854,C,0,19.41,2
8,144996343,0,0,73,1.53585337354,C,0,6.85,2
13,96579544,0,0,14,7.60332998631,G,0,100,2
6,62390920,33,4.55239239643,32,5.45021228171,A,39.39,46.88,2
12,124421706,0,0,145,3.3968123084,G,0,7.59,0
1,156880044,0,0,63,6.03362357691,T,0,28.57,2
16,87678427,0,0,148,20.0802422195,A,0,38.51,2
6,32714117,171,3.69910031223,0,0,G,7.02,0,2
1,145115883,60,2.84961202267,112,5.06666458992,T,15,14.29,0
6,41309848,0,0,122,15.3107799627,A,0,36.07,2
3,14200112,343,7.08932224526,245,3.98434690146,C,6.71,5.31,0
2,190927321,20,2.78568610258,29,5.58389228768,G,40,51.72,3
6,31977528,71,17.6599526823,56,12.904447104,G,61.97,58.93,0
19,17534351,0,0,22,1.97592501269,G,0,27.27,2
15,50785016,0,0,103,2.46951855018,G,0,7.77,2
13,46170983,0,0,272,35.392416316,T,0,37.13,2
17,39684429,0,0,32,5.45021228171,T,0,46.88,2
16,1574650,80,1.53308791491,86,2.4821841241,G,6.25,9.3,2
11,18637232,200,36.4480744904,193,39.2383277041,C,49,53.37,2
16,614069,0,0,38,1.89866542678,C,0,15.79,2
6,159655190,70,13.5080782874,52,13.2615762167,A,51.43,63.46,2
10,22498749,123,72.7594008357,107,63.1566426216,T,100,100,2
11,56310372,0,0,114,5.3970506163,G,0,14.91,0
10,46999604,33,18.8584875171,21,10.3885634847,G,100,95.24,0
6,54219405,109,17.3610018685,113,24.2868119723,C,44.04,55.75,2
2,179478988,0,0,129,10.9544032281,T,0,25.58,0
11,55735423,0,0,90,9.12586622117,A,0,30,2
7,44259762,0,0,34,1.91055414173,G,0,17.65,2
4,104082547,100,1.83968156202,150,21.7174458571,A,6,40.67,2
5,140553342,0,0,73,5.93723005018,G,0,24.66,2
10,97769658,0,0,34,2.97289513412,A,0,26.47,0
5,50117112,81,2.48698227467,0,0,G,9.88,0,0
X,100749088,0,0,21,10.3885634847,A,0,95.24,0
14,31792893,0,0,80,4.48456331886,T,0,17.5,2
4,89660221,0,0,92,4.7848120305,C,0,16.3,2
17,48653130,35,5.34661380317,29,4.23512925322,A,42.86,41.38,0
12,113629251,86,1.53107694644,0,0,C,5.81,0,0
13,103268797,0,0,28,1.93542970776,A,0,21.43,2
3,52005665,49,7.082793926,39,2.2349352585,A,40.82,17.95,0
17,56833612,37,4.0735649412,34,4.12319348891,G,32.43,35.29,0
1,145039594,170,3.38382917676,184,3.6927821708,C,6.47,6.52,0
X,100748078,17,9.36802890376,15,8.1906625394,G,100,100,0
1,147126437,109,16.4842056077,138,20.7842567174,A,42.2,42.03,0
13,113333878,12,2.16335945843,15,1.67627363284,C,50,33.33,2
7,21640338,0,0,70,3.49597793639,T,0,15.71,2
2,227662565,85,1.5314016195,0,0,C,5.88,0,2
4,175898990,0,0,454,9.24598821996,T,0,6.61,2
7,44806089,9,2.34439101423,0,0,A,66.67,0,2
8,102213947,0,0,43,1.5584619613,T,0,11.63,2
2,220357464,41,2.2281480548,0,0,C,17.07,0,2
17,4576260,83,1.53205169471,0,0,G,6.02,0,0
1,37324729,0,0,70,16.0272419161,T,0,58.57,2
5,83362395,43,7.27977452343,59,10.2717274021,G,46.51,47.46,2
3,49842818,83,16.6733569639,47,13.8586129451,A,53.01,70.21,0
11,1018182,94,1.52882568169,0,0,T,5.32,0,2
7,82784684,0,0,71,3.83229876503,T,0,16.9,2
9,130167762,34,4.12319348891,41,4.02072940765,C,35.29,29.27,2
5,156479572,48,2.20919427625,0,0,G,14.58,0,2
11,48367163,48,3.59140392354,51,4.29311160502,G,22.92,25.49,2
9,137706688,44,5.540848854,53,6.17429482896,A,36.36,33.96,2
15,31197995,183,34.9246720658,219,29.1808774028,T,50.82,37.9,0
19,2993550,39,6.53259910305,51,7.88409007812,A,46.15,43.14,0
21,34072374,0,0,20,3.21165483485,A,0,45,2
1,27023366,56,9.94032300642,55,3.55183495344,T,48.21,20,2
6,138657595,128,7.05107381371,158,12.5387416471,G,17.19,24.05,2
X,154508542,11,5.84844629546,16,8.77892498339,C,100,100,0
6,28540383,0,0,72,9.04816725989,A,0,36.11,2
15,91436551,66,7.53634586403,47,2.89241696881,G,33.33,19.15,2
8,10388876,97,11.3635722872,135,23.1166281911,G,34.02,46.67,2
19,40316513,47,7.14113810525,42,9.78175342033,A,42.55,59.52,2
20,48770159,56,32.5917261068,73,42.7693978253,C,100,100,0
1,34667784,211,17.5797306159,184,12.7190803373,C,25.12,21.2,2
12,124402275,0,0,33,3.74426931472,A,0,33.33,2
3,105404246,0,0,42,7.32005452938,T,0,47.62,2
8,144790015,52,14.4239121582,60,25.116281798,C,67.31,86.67,2
8,144808575,91,14.0104389531,80,28.3866551008,A,42.86,78.75,0
14,55642696,22,3.58400892377,47,5.09224477976,G,45.45,31.91,2
7,150774269,0,0,97,1.52806319541,G,0,5.15,0
16,89613076,82,1.84728368889,0,0,G,7.32,0,2
6,35803103,17,4.94749843659,19,8.22611120811,T,70.59,89.47,0
19,1482080,11,1.75587138133,16,2.91236053169,A,45.45,50,2
8,145006992,285,60.4496615581,303,118.770574152,T,55.09,83.17,2
2,178098944,0,0,131,16.3441511335,G,0,35.88,2
3,53753783,0,0,97,15.567880899,G,0,44.33,2
18,76966946,0,0,80,6.97777789549,T,0,26.25,2
2,29448423,0,0,46,2.55233042298,G,0,17.39,2
1,152732950,79,2.48906644328,147,2.76404252053,C,10.13,6.12,2
18,2891904,0,0,126,11.3544794851,C,0,26.98,2
16,88893122,362,68.2308960405,353,80.3575255871,T,50.28,58.07,2
12,130839146,54,5.00511559902,40,3.28833615397,A,27.78,25,2
7,100685625,348,68.5054419223,344,48.2301797422,A,52.01,39.53,2
19,38876431,52,10.6234230429,39,4.83164985981,T,53.85,35.9,0
19,47259734,22,1.97592501269,17,1.66372042565,C,27.27,29.41,2
14,101347786,43,9.70399333069,31,8.03635381352,A,58.14,64.52,0
17,26684449,11,5.84844629546,18,9.95785781694,C,100,100,2
19,55111980,17,3.8288295651,36,4.48692896574,G,58.82,36.11,2
3,113119440,0,0,20,2.381115515,T,0,35,2
12,14613917,45,2.21653951277,0,0,A,15.56,0,2
3,195599186,75,1.53500402138,0,0,G,6.67,0,2
12,31944914,100,1.83968156202,0,0,A,6,0,2
14,74205796,0,0,98,8.65771552577,C,0,26.53,2
1,156621389,0,0,23,1.60998388539,A,0,21.74,2
7,100371474,30,17.0728555699,23,12.9155667232,A,100,100,2
22,38051437,15,2.07421879381,0,0,C,40,0,2
5,68805543,0,0,70,4.53248068601,T,0,20.29,0
12,122812697,390,7.69823233056,0,0,T,6.41,0,2
8,24261547,89,10.7109687649,98,3.76781736581,T,34.83,12.24,2
1,172390027,0,0,49,8.40127513464,C,0,46.94,3
11,1017307,263,9.084484087,225,7.50590108833,A,11.03,10.67,2
3,109178758,0,0,12,6.43203309318,T,0,100,2
1,154437773,0,0,97,1.84073366891,C,0,6.19,2
18,3135644,63,8.82211735673,93,15.7185575427,T,39.68,46.24,2
9,120475248,122,19.5622335873,129,18.0480556703,A,44.26,39.53,2
11,1017710,0,0,318,4.90049200627,T,0,5.03,2
5,140603528,80,12.6217656717,60,12.6183795899,G,43.75,55,2
2,168074803,0,0,92,5.12620292408,A,0,17.39,2
12,112165822,121,3.0943821899,99,1.84001194962,C,8.26,6.06,2
2,29448410,42,3.63740444245,45,5.12317042004,G,26.19,33.33,2
1,231398487,0,0,158,13.6395580669,T,0,25.95,3
17,14110451,74,1.85189114227,0,0,C,8.11,0,2
1,75688101,64,11.9065432925,73,28.6502563663,G,50,83.56,2
19,58437767,73,5.93723005018,66,7.93427094054,A,24.66,34.85,2
1,193074511,80,9.27725916206,85,16.0797096695,G,33.75,50.59,3
17,56774121,46,1.55480070429,64,1.85936627487,T,10.87,9.38,0
11,5810042,0,0,80,3.1402374403,A,0,12.5,2
4,90856215,0,0,70,5.59718857301,G,0,24.29,2
4,155411940,49,5.8472225852,77,2.16905865038,T,34.69,9.09,2
21,11058322,97,2.15585846038,0,0,T,7.22,0,2
X,132730494,0,0,135,23.1166281911,G,0,46.67,2
11,75317010,84,3.46310082046,62,1.54149812531,G,13.1,8.06,2
3,52852131,29,5.11653162752,22,6.12972488037,A,48.28,68.18,2
19,59028293,0,0,54,2.52933964841,T,0,14.81,2
9,21974753,93,1.5290752467,0,0,C,5.38,0,0
2,242004296,65,10.9385852217,36,11.0356554997,A,46.15,72.22,2
5,133914649,98,1.84037265934,0,0,C,6.12,0,2
2,74274887,88,1.84439071632,75,7.40704642845,T,6.82,29.33,2
15,42104305,112,17.2594715206,73,13.8307371359,A,42.86,50.68,2
12,129559231,0,0,204,14.3751509064,T,0,21.57,2
1,8926474,105,18.4208225527,128,47.2354726871,T,47.62,80.47,2
10,22676891,0,0,21,1.98531148813,G,0,28.57,2
6,30672498,0,0,114,1.83546870369,G,0,5.26,2
11,1019464,73,1.53585337354,0,0,T,6.85,0,2
16,11945350,45,10.603225463,36,12.3973866359,A,60,77.78,2
7,138252356,0,0,140,2.14056146454,C,0,5,2
19,51274851,115,1.83520118031,107,2.78536805461,C,5.22,8.41,2
1,27943718,0,0,22,4.03630187317,T,0,50,2
19,49657600,214,3.99494825001,283,5.85523903922,C,6.07,6.71,0
6,135513502,0,0,69,7.10178508506,T,0,30.43,2
1,159922199,0,0,73,2.496086806,T,0,10.96,0
17,72368135,0,0,99,1.52759463759,C,0,5.05,2
7,150390125,45,4.35238233954,46,4.34124473594,G,28.89,28.26,2
16,75033679,70,10.3288919822,57,11.314294081,T,41.43,52.63,2
21,31986133,0,0,101,11.295231954,A,0,32.67,2
22,38379703,0,0,41,2.92245041955,C,0,21.95,2
12,121880461,105,19.8279519658,62,9.71105806615,A,50.48,43.55,2
16,84230332,96,14.7216580309,86,9.57186520597,G,42.71,32.56,2
16,16142079,130,18.444325267,119,5.38440762616,T,40,14.29,0
1,41948233,0,0,78,1.53381474294,G,0,6.41,2
12,69125444,0,0,19,1.63514894799,T,0,26.32,2
8,97157078,0,0,78,5.54189117938,T,0,21.79,2
6,30615244,115,16.734922622,145,19.3201634411,A,40.87,37.93,0
15,75189959,0,0,109,6.43697005568,T,0,18.35,0
